Workbook
Name SlicerCache_Table_2_Col_1: #N/A

Sheet Sheet1
B1: Pujianto | C1: MBP
B2: Alfi Syahri | C2: CME
B3: Harun Nurasyid | C3: CME | E3: Cell down | F3: Corrective | G3: Replace Optik,RRU/Soket Power/Replace GPS | H3: P1
B4: Nurhayat | C4: MBP | E4: Vswr | F4: Corrective | G4: Replace Jumper,antena/RRU | H4: P1
B5: Putra wardana | C5: TE | E5: Site Down | F5: Corrective | G5: Pemadaman,MCB Trip,Transmisi problem | H5: P1
B6: Sailillah | C6: TE | E6: Eas Validation | F6: Preventive | G6: integrasi LAN dan validasi alarm | H6: P2
B7: Tiviansyah | C7: TE | E7: PM | F7: Preventive | G7: Preventive Maintenance | H7: P2
B8: Rio ardinata | C8: MBP | E8: Support Event | F8: Corrective | G8: =E8 -> Support Event | H8: P2
B9: munawir akhmad | C9: TE | E9: Pengawalan Team telkom | F9: Preventive | G9: Akses/Hub Site problem metro | H9: P2
B10: Ahmad Muzakir | C10: MBP | E10: Pengawalan akses Vendor | F10: Preventive | G10: =E10 -> Pengawalan akses Vendor | H10: P3
B11: Murjani | C11: TE | E11: Pengecekan battrey | F11: Preventive | G11: Pengukuran dan pengambilan data log serta input Gdoc BBT | H11: P2
B12: Purwanto | C12: MBP | E12: Pengecekan Suhu Shelter | F12: Preventive | G12: =E12 -> Pengecekan Suhu Shelter | H12: P1
B13: Adi Bowo Santoso | C13: TE | E13: Replace FAN Rectifier | F13: Corrective | G13: =E13 -> Replace FAN Rectifier | H13: P1
B14: Ahmad Setiawan | C14: TE | E14: Add Sector RRU | F14: Corrective | G14: Add New Sector antena/rru | H14: P2
B15: Fahmi | C15: TE | E15: Repointing MW | F15: Corrective | G15: Impact BTS down / RX Level >70 / PL | H15: P1
B16: Agus muliana pamungkas | C16: MBP | E16: Pemasangan battrey | F16: Preventive | G16: Instalasi Battery | H16: P2
B17: Sairaji | C17: MBP | E17: Pengecekan/Pergantian BFAN BTS | F17: Preventive | G17: Bts High temp impact fliker | H17: P2
B18: Yahya Muhamad | C18: TE | E18: Pengecekan Power | F18: Preventive | G18: MCB trip/Power upnormal | H18: P1
B19: hory yusmanto | C19: MBP | E19: Penambahan Modul Recti | F19: Corrective | G19: =E19 -> Penambahan Modul Recti | H19: P2
B20: melky.O.Tulangow | C20: TE | E20: Deinstal Repeater | F20: Corrective | G20: =E20 -> Deinstal Repeater | H20: P2
B21: Muhammad Mukti | C21: TE | E21: Instalasi Smallcell | F21: Corrective | G21: =E21 -> Instalasi Smallcell | H21: P3
B22: Reynaldy Ricardo Putra | C22: TE | E22: Perbaikan Exhaust fan | F22: Corrective | G22: =E22 -> Perbaikan Exhaust fan | H22: P3
B23: Sahrul Saputra | C23: TE | E23: Pengecekan BSC | F23: Preventive | G23: =E23 -> Pengecekan BSC | H23: P1
B24: Fajrianur wahid | C24: TE | E24: Standby On Call | F24: Standby | G24: =E24 -> Standby On Call | H24: P3
B25: Elia Ronaldo | C25: TE | E25: On Leave | F25: =E25 -> On Leave | G25: =E25 -> On Leave | H25: P3
B26: Aulia Rahman | C26: TE | E26: Sick | F26: =E26 -> Sick | G26: =E26 -> Sick | H26: P3
B27: Leonard | C27: TE | E27: Tshoot Genset | F27: Corrective | G27: Perbaikan Auto,pergantian relay,timer, yang berhubungan genset | H27: P1
B28: Armadi | C28: TE
B29: Sarwono | C29: CME
B30: Ahmad | C30: TE
B31: james jimbris | C31: TE
B32: Jumadi | C32: TE
B33: Muhamad Rayhan | C33: TE
B34: Oky Bangkit Pamungkas | C34: TE
B35: AHMAD ARDIANTO FIRMANSYAH | C35: PM
B36: Darli | C36: PM
B37: Indra | C37: PM
B38: Khilal dawai katiri | C38: MBP
B39: Trisno Susanto | C39: PM
... B46: Armadi | C46: TE

Sheet Summary

Sheet to do list
A3: Category Task | B3: Prioritas | C3: Site ID | D3: FME Name | E3: Role | F3: RTS Name | G3: Cluster | H3: Category Activity | I3: Detail Activity | J3: Activity | K3: Start Date | L3: End Date | M3: Status Task | N3: Remark | O3: Column 15 | P3: Column 16
A4: Standby On Call | B4: =IFERROR(VLOOKUP(A4,Sheet1!$E$3:$H$27,4,0),"") -> P3 | D4: Putra wardana | E4: =IFERROR(VLOOKUP(D4,Sheet1!$B$1:$C$45,2,0),"") -> TE | F4: Winda Sokenda | G4: =IFERROR(IFS(F4="Winda Sokenda","Barito Raya",F4="Doni Damara","Palangkaraya"),"") -> Barito Raya | H4: =IFERROR(VLOOKUP(A4,Sheet1!$E$3:$F$27,2,),"") -> Standby | I4: =IFERROR(VLOOKUP(A4,Sheet1!$E$3:$G$27,3,0),"") -> Standby On Call | J4: Standby | K4: 46315 | L4: 46315 | M4: Done | N4: Stanby
A5: Pengecekan Power | B5: =IFERROR(VLOOKUP(A5,Sheet1!$E$3:$H$27,4,0),"") -> P1 | C5: NTH149 | D5: Sailillah | E5: =IFERROR(VLOOKUP(D5,Sheet1!$B$1:$C$45,2,0),"") -> TE | F5: Winda Sokenda | G5: =IFERROR(IFS(F5="Winda Sokenda","Barito Raya",F5="Doni Damara","Palangkaraya"),"") -> Barito Raya | H5: =IFERROR(VLOOKUP(A5,Sheet1!$E$3:$F$27,2,),"") -> Preventive | I5: =IFERROR(VLOOKUP(A5,Sheet1!$E$3:$G$27,3,0),"") -> MCB trip/Power upnormal | J5: On Progress | K5: 46315 | L5: 46315 | M5: Done | N5: Isi token & PMS done
A6: Sick | B6: =IFERROR(VLOOKUP(A6,Sheet1!$E$3:$H$27,4,0),"") -> P3 | D6: Tiviansyah | E6: =IFERROR(VLOOKUP(D6,Sheet1!$B$1:$C$45,2,0),"") -> TE | F6: Winda Sokenda | G6: =IFERROR(IFS(F6="Winda Sokenda","Barito Raya",F6="Doni Damara","Palangkaraya"),"") -> Barito Raya | H6: =IFERROR(VLOOKUP(A6,Sheet1!$E$3:$F$27,2,),"") -> Sick | I6: =IFERROR(VLOOKUP(A6,Sheet1!$E$3:$G$27,3,0),"") -> Sick | J6: Standby | K6: 46315 | L6: 46315 | M6: Done | N6: Izin sakit
A7: Site Down | B7: =IFERROR(VLOOKUP(A7,Sheet1!$E$3:$H$27,4,0),"") -> P1 | C7: COH937 | D7: munawir akhmad | E7: =IFERROR(VLOOKUP(D7,Sheet1!$B$1:$C$45,2,0),"") -> TE | F7: Winda Sokenda | G7: =IFERROR(IFS(F7="Winda Sokenda","Barito Raya",F7="Doni Damara","Palangkaraya"),"") -> Barito Raya | H7: =IFERROR(VLOOKUP(A7,Sheet1!$E$3:$F$27,2,),"") -> Corrective | I7: =IFERROR(VLOOKUP(A7,Sheet1!$E$3:$G$27,3,0),"") -> Pemadaman,MCB Trip,Transmisi problem | J7: On Progress | K7: 46315 | L7: 46315 | M7: Done | N7: PLN off, kawal team telkom MTW248
A8: Site Down | B8: =IFERROR(VLOOKUP(A8,Sheet1!$E$3:$H$27,4,0),"") -> P1 | C8: PRC038 | D8: Murjani | E8: =IFERROR(VLOOKUP(D8,Sheet1!$B$1:$C$45,2,0),"") -> TE | F8: Winda Sokenda | G8: =IFERROR(IFS(F8="Winda Sokenda","Barito Raya",F8="Doni Damara","Palangkaraya"),"") -> Barito Raya | H8: =IFERROR(VLOOKUP(A8,Sheet1!$E$3:$F$27,2,),"") -> Corrective | I8: =IFERROR(VLOOKUP(A8,Sheet1!$E$3:$G$27,3,0),"") -> Pemadaman,MCB Trip,Transmisi problem | J8: On Progress | K8: 46315 | L8: 46315 | M8: Done | N8: Replace RRU
A9: Tshoot Genset | B9: =IFERROR(VLOOKUP(A9,Sheet1!$E$3:$H$27,4,0),"") -> P1 | C9: KKP305 | D9: Reynaldy Ricardo Putra | E9: =IFERROR(VLOOKUP(D9,Sheet1!$B$1:$C$45,2,0),"") -> TE | F9: Winda Sokenda | G9: =IFERROR(IFS(F9="Winda Sokenda","Barito Raya",F9="Doni Damara","Palangkaraya"),"") -> Barito Raya | H9: =IFERROR(VLOOKUP(A9,Sheet1!$E$3:$F$27,2,),"") -> Corrective | I9: =IFERROR(VLOOKUP(A9,Sheet1!$E$3:$G$27,3,0),"") -> Perbaikan Auto,pergantian relay,timer, yang berhubungan genset | J9: On Progress | K9: 46315 | L9: 46315 | M9: Done | N9: geser KKP124 ts cell down
A10: Cell down | B10: =IFERROR(VLOOKUP(A10,Sheet1!$E$3:$H$27,4,0),"") -> P1 | C10: KKP117 | D10: Sahrul Saputra | E10: =IFERROR(VLOOKUP(D10,Sheet1!$B$1:$C$45,2,0),"") -> TE | F10: Winda Sokenda | G10: =IFERROR(IFS(F10="Winda Sokenda","Barito Raya",F10="Doni Damara","Palangkaraya"),"") -> Barito Raya | H10: =IFERROR(VLOOKUP(A10,Sheet1!$E$3:$F$27,2,),"") -> Corrective | I10: =IFERROR(VLOOKUP(A10,Sheet1!$E$3:$G$27,3,0),"") -> Replace Optik,RRU/Soket Power/Replace GPS | J10: On Progress | K10: 46315 | L10: 46315 | M10: Pending | N10: Lanjut Besok, kondisi hujan d jalan
A11: Pengecekan Power | B11: =IFERROR(VLOOKUP(A11,Sheet1!$E$3:$H$27,4,0),"") -> P1 | C11: PRC225 (backup) | D11: Ahmad Muzakir | E11: =IFERROR(VLOOKUP(D11,Sheet1!$B$1:$C$45,2,0),"") -> MBP | F11: Winda Sokenda | G11: =IFERROR(IFS(F11="Winda Sokenda","Barito Raya",F11="Doni Damara","Palangkaraya"),"") -> Barito Raya | H11: =IFERROR(VLOOKUP(A11,Sheet1!$E$3:$F$27,2,),"") -> Preventive | I11: =IFERROR(VLOOKUP(A11,Sheet1!$E$3:$G$27,3,0),"") -> MCB trip/Power upnormal | J11: On Progress | K11: 46315 | L11: 46315 | M11: Done | N11: Backup PRC225
A12: Pengecekan Power | B12: =IFERROR(VLOOKUP(A12,Sheet1!$E$3:$H$27,4,0),"") -> P1 | C12: TML005 (Backup) | D12: Harun Nurasyid | E12: =IFERROR(VLOOKUP(D12,Sheet1!$B$1:$C$45,2,0),"") -> CME | F12: Winda Sokenda | G12: =IFERROR(IFS(F12="Winda Sokenda","Barito Raya",F12="Doni Damara","Palangkaraya"),"") -> Barito Raya | H12: =IFERROR(VLOOKUP(A12,Sheet1!$E$3:$F$27,2,),"") -> Preventive | I12: =IFERROR(VLOOKUP(A12,Sheet1!$E$3:$G$27,3,0),"") -> MCB trip/Power upnormal | J12: On Progress | K12: 46315 | L12: 46315 | M12: Done | N12: Standbay Pemadaman
A13: Pengecekan Power | B13: =IFERROR(VLOOKUP(A13,Sheet1!$E$3:$H$27,4,0),"") -> P1 | C13: KKP072 (backup) | D13: Nurhayat | E13: MBP | F13: Winda Sokenda | G13: =IFERROR(IFS(F13="Winda Sokenda","Barito Raya",F13="Doni Damara","Palangkaraya"),"") -> Barito Raya | H13: =IFERROR(VLOOKUP(A13,Sheet1!$E$3:$F$27,2,),"") -> Preventive | I13: =IFERROR(VLOOKUP(A13,Sheet1!$E$3:$G$27,3,0),"") -> MCB trip/Power upnormal | J13: On Progress | K13: 46315 | L13: 46315 | M13: Done | N13: Standbay Pemadaman
A14: Tshoot Genset | B14: =IFERROR(VLOOKUP(A14,Sheet1!$E$3:$H$27,4,0),"") -> P1 | C14: KKP305 | D14: Pujianto | E14: =IFERROR(VLOOKUP(D14,Sheet1!$B$1:$C$45,2,0),"") -> MBP | F14: Winda Sokenda | G14: =IFERROR(IFS(F14="Winda Sokenda","Barito Raya",F14="Doni Damara","Palangkaraya"),"") -> Barito Raya | H14: =IFERROR(VLOOKUP(A14,Sheet1!$E$3:$F$27,2,),"") -> Corrective | I14: =IFERROR(VLOOKUP(A14,Sheet1!$E$3:$G$27,3,0),"") -> Perbaikan Auto,pergantian relay,timer, yang berhubungan genset | J14: On Progress | K14: 46315 | L14: 46315 | M14: Done | N14: Backup KKP093
A15: Pengecekan Power | B15: =IFERROR(VLOOKUP(A15,Sheet1!$E$3:$H$27,4,0),"") -> P1 | C15: KKP065 (Backup) | D15: Alfi Syahri | E15: =IFERROR(VLOOKUP(D15,Sheet1!$B$1:$C$45,2,0),"") -> CME | F15: Winda Sokenda | G15: =IFERROR(IFS(F15="Winda Sokenda","Barito Raya",F15="Doni Damara","Palangkaraya"),"") -> Barito Raya | H15: =IFERROR(VLOOKUP(A15,Sheet1!$E$3:$F$27,2,),"") -> Preventive | I15: =IFERROR(VLOOKUP(A15,Sheet1!$E$3:$G$27,3,0),"") -> MCB trip/Power upnormal | J15: On Progress | K15: 46315 | L15: 46315 | M15: Done | N15: Standbay Pemadaman
A16: Pengecekan Power | B16: =IFERROR(VLOOKUP(A16,Sheet1!$E$3:$H$27,4,0),"") -> P1 | C16: MTW004 (Backup) | D16: Taklim | E16: MBP | F16: Winda Sokenda | G16: =IFERROR(IFS(F16="Winda Sokenda","Barito Raya",F16="Doni Damara","Palangkaraya"),"") -> Barito Raya | H16: =IFERROR(VLOOKUP(A16,Sheet1!$E$3:$F$27,2,),"") -> Preventive | I16: =IFERROR(VLOOKUP(A16,Sheet1!$E$3:$G$27,3,0),"") -> MCB trip/Power upnormal | J16: On Progress | K16: 46315 | L16: 46315 | M16: Done | N16: Backup MTW004
A17: Standby On Call | B17: =IFERROR(VLOOKUP(A17,Sheet1!$E$3:$H$27,4,0),"") -> P3 | D17: Riko setiadi | E17: =IFERROR(VLOOKUP(D17,Sheet1!$B$1:$C$45,2,0),"") -> PM | F17: Winda Sokenda | G17: =IFERROR(IFS(F17="Winda Sokenda","Barito Raya",F17="Doni Damara","Palangkaraya"),"") -> Barito Raya | H17: =IFERROR(VLOOKUP(A17,Sheet1!$E$3:$F$27,2,),"") -> Standby | I17: =IFERROR(VLOOKUP(A17,Sheet1!$E$3:$G$27,3,0),"") -> Standby On Call | J17: On Progress | K17: 46315 | L17: 46315 | M17: Done | N17: Kawal pengisian BBM & cek genset
A18: PM | B18: =IFERROR(VLOOKUP(A18,Sheet1!$E$3:$H$27,4,0),"") -> P2 | C18: KKP007 | D18: Khilal dawai katiri | E18: =IFERROR(VLOOKUP(D18,Sheet1!$B$1:$C$45,2,0),"") -> MBP | F18: Winda Sokenda | G18: =IFERROR(IFS(F18="Winda Sokenda","Barito Raya",F18="Doni Damara","Palangkaraya"),"") -> Barito Raya | H18: =IFERROR(VLOOKUP(A18,Sheet1!$E$3:$F$27,2,),"") -> Preventive | I18: =IFERROR(VLOOKUP(A18,Sheet1!$E$3:$G$27,3,0),"") -> Preventive Maintenance | J18: On Progress | K18: 46315 | L18: 46315 | M18: Pending | N18: PMS
A19: PM | B19: =IFERROR(VLOOKUP(A19,Sheet1!$E$3:$H$27,4,0),"") -> P2 | C19: PRC008 | D19: Riko setiadi | E19: =IFERROR(VLOOKUP(D19,Sheet1!$B$1:$C$45,2,0),"") -> PM | F19: Winda Sokenda | G19: =IFERROR(IFS(F19="Winda Sokenda","Barito Raya",F19="Doni Damara","Palangkaraya"),"") -> Barito Raya | H19: =IFERROR(VLOOKUP(A19,Sheet1!$E$3:$F$27,2,),"") -> Preventive | I19: =IFERROR(VLOOKUP(A19,Sheet1!$E$3:$G$27,3,0),"") -> Preventive Maintenance | J19: On Progress | K19: 46315 | L19: 46315 | M19: Waiting Update | N19: PMG
A20: Cell down | B20: =IFERROR(VLOOKUP(A20,Sheet1!$E$3:$H$27,4,0),"") -> P1 | C20: BNT006 | D20: Putra wardana | E20: =IFERROR(VLOOKUP(D20,Sheet1!$B$1:$C$45,2,0),"") -> TE | F20: Winda Sokenda | G20: =IFERROR(IFS(F20="Winda Sokenda","Barito Raya",F20="Doni Damara","Palangkaraya"),"") -> Barito Raya | H20: =IFERROR(VLOOKUP(A20,Sheet1!$E$3:$F$27,2,),"") -> Corrective | I20: =IFERROR(VLOOKUP(A20,Sheet1!$E$3:$G$27,3,0),"") -> Replace Optik,RRU/Soket Power/Replace GPS | J20: On Progress | K20: 46310 | L20: 46310 | M20: Waiting Update | N20: Replace RRU monitoring asap
A21: PM | B21: =IFERROR(VLOOKUP(A21,Sheet1!$E$3:$H$27,4,0),"") -> P2 | C21: AMT003 | D21: Sailillah | E21: =IFERROR(VLOOKUP(D21,Sheet1!$B$1:$C$45,2,0),"") -> TE | F21: Winda Sokenda | G21: =IFERROR(IFS(F21="Winda Sokenda","Barito Raya",F21="Doni Damara","Palangkaraya"),"") -> Barito Raya | H21: =IFERROR(VLOOKUP(A21,Sheet1!$E$3:$F$27,2,),"") -> Preventive | I21: =IFERROR(VLOOKUP(A21,Sheet1!$E$3:$G$27,3,0),"") -> Preventive Maintenance | J21: On Progress | K21: 46310 | L21: 46310 | M21: Waiting Update | N21: PMG, waiting ops akses susur sungai
A22: Pengecekan battrey | B22: =IFERROR(VLOOKUP(A22,Sheet1!$E$3:$H$27,4,0),"") -> P2 | C22: BNT006 | D22: Tiviansyah | E22: =IFERROR(VLOOKUP(D22,Sheet1!$B$1:$C$45,2,0),"") -> TE | F22: Winda Sokenda | G22: =IFERROR(IFS(F22="Winda Sokenda","Barito Raya",F22="Doni Damara","Palangkaraya"),"") -> Barito Raya | H22: =IFERROR(VLOOKUP(A22,Sheet1!$E$3:$F$27,2,),"") -> Preventive | I22: =IFERROR(VLOOKUP(A22,Sheet1!$E$3:$G$27,3,0),"") -> Pengukuran dan pengambilan data log serta input Gdoc BBT | J22: On Progress | K22: 46310 | L22: 46310 | M22: Waiting Update | N22: Replace RRU monitoring asap
A23: Standby On Call | B23: =IFERROR(VLOOKUP(A23,Sheet1!$E$3:$H$27,4,0),"") -> P3 | D23: munawir akhmad | E23: =IFERROR(VLOOKUP(D23,Sheet1!$B$1:$C$45,2,0),"") -> TE | F23: Winda Sokenda | G23: =IFERROR(IFS(F23="Winda Sokenda","Barito Raya",F23="Doni Damara","Palangkaraya"),"") -> Barito Raya | H23: =IFERROR(VLOOKUP(A23,Sheet1!$E$3:$F$27,2,),"") -> Standby | I23: =IFERROR(VLOOKUP(A23,Sheet1!$E$3:$G$27,3,0),"") -> Standby On Call | J23: On Progress | K23: 46310 | L23: 46310 | M23: Waiting Update | N23: Plan CO MTW180
A24: Site Down | B24: =IFERROR(VLOOKUP(A24,Sheet1!$E$3:$H$27,4,0),"") -> P1 | C24: PRC189 | D24: Murjani | E24: =IFERROR(VLOOKUP(D24,Sheet1!$B$1:$C$45,2,0),"") -> TE | F24: Winda Sokenda | G24: =IFERROR(IFS(F24="Winda Sokenda","Barito Raya",F24="Doni Damara","Palangkaraya"),"") -> Barito Raya | H24: =IFERROR(VLOOKUP(A24,Sheet1!$E$3:$F$27,2,),"") -> Corrective | I24: =IFERROR(VLOOKUP(A24,Sheet1!$E$3:$G$27,3,0),"") -> Pemadaman,MCB Trip,Transmisi problem | J24: On Progress | K24: 46310 | L24: 46310 | M24: Waiting Update | N24: Pembersihan VP
A25: Site Down | B25: =IFERROR(VLOOKUP(A25,Sheet1!$E$3:$H$27,4,0),"") -> P1 | C25: KKP159 | D25: Reynaldy Ricardo Putra | E25: =IFERROR(VLOOKUP(D25,Sheet1!$B$1:$C$45,2,0),"") -> TE | F25: Winda Sokenda | G25: =IFERROR(IFS(F25="Winda Sokenda","Barito Raya",F25="Doni Damara","Palangkaraya"),"") -> Barito Raya | H25: =IFERROR(VLOOKUP(A25,Sheet1!$E$3:$F$27,2,),"") -> Corrective | I25: =IFERROR(VLOOKUP(A25,Sheet1!$E$3:$G$27,3,0),"") -> Pemadaman,MCB Trip,Transmisi problem | J25: On Progress | K25: 46310 | L25: 46310 | M25: Waiting Update | N25: Cek power
A26: Pengecekan battrey | B26: =IFERROR(VLOOKUP(A26,Sheet1!$E$3:$H$27,4,0),"") -> P2 | C26: KKP113 | D26: Sahrul Saputra | E26: =IFERROR(VLOOKUP(D26,Sheet1!$B$1:$C$45,2,0),"") -> TE | F26: Winda Sokenda | G26: =IFERROR(IFS(F26="Winda Sokenda","Barito Raya",F26="Doni Damara","Palangkaraya"),"") -> Barito Raya | H26: =IFERROR(VLOOKUP(A26,Sheet1!$E$3:$F$27,2,),"") -> Preventive | I26: =IFERROR(VLOOKUP(A26,Sheet1!$E$3:$G$27,3,0),"") -> Pengukuran dan pengambilan data log serta input Gdoc BBT | J26: On Progress | K26: 46310 | L26: 46310 | M26: Waiting Update | N26: BBT 0
A27: Pengecekan Power | B27: =IFERROR(VLOOKUP(A27,Sheet1!$E$3:$H$27,4,0),"") -> P1 | C27: PRC200 (backup) | D27: Ahmad Muzakir | E27: =IFERROR(VLOOKUP(D27,Sheet1!$B$1:$C$45,2,0),"") -> MBP | F27: Winda Sokenda | G27: =IFERROR(IFS(F27="Winda Sokenda","Barito Raya",F27="Doni Damara","Palangkaraya"),"") -> Barito Raya | H27: =IFERROR(VLOOKUP(A27,Sheet1!$E$3:$F$27,2,),"") -> Preventive | I27: =IFERROR(VLOOKUP(A27,Sheet1!$E$3:$G$27,3,0),"") -> MCB trip/Power upnormal | J27: On Progress | K27: 46310 | L27: 46310 | M27: Waiting Update | N27: Standbay Pemadaman
A28: Pengecekan Power | B28: =IFERROR(VLOOKUP(A28,Sheet1!$E$3:$H$27,4,0),"") -> P1 | C28: TML005 (Backup) | D28: Harun Nurasyid | E28: =IFERROR(VLOOKUP(D28,Sheet1!$B$1:$C$45,2,0),"") -> CME | F28: Winda Sokenda | G28: =IFERROR(IFS(F28="Winda Sokenda","Barito Raya",F28="Doni Damara","Palangkaraya"),"") -> Barito Raya | H28: =IFERROR(VLOOKUP(A28,Sheet1!$E$3:$F$27,2,),"") -> Preventive | I28: =IFERROR(VLOOKUP(A28,Sheet1!$E$3:$G$27,3,0),"") -> MCB trip/Power upnormal | J28: On Progress | K28: 46310 | L28: 46310 | M28: Waiting Update | N28: Standbay Pemadaman
A29: Pengecekan Power | B29: =IFERROR(VLOOKUP(A29,Sheet1!$E$3:$H$27,4,0),"") -> P1 | C29: KKP072 (backup) | D29: Nurhayat | E29: MBP | F29: Winda Sokenda | G29: =IFERROR(IFS(F29="Winda Sokenda","Barito Raya",F29="Doni Damara","Palangkaraya"),"") -> Barito Raya | H29: =IFERROR(VLOOKUP(A29,Sheet1!$E$3:$F$27,2,),"") -> Preventive | I29: =IFERROR(VLOOKUP(A29,Sheet1!$E$3:$G$27,3,0),"") -> MCB trip/Power upnormal | J29: On Progress | K29: 46310 | L29: 46310 | M29: Waiting Update | N29: Standbay Pemadaman
A30: Repointing MW | B30: =IFERROR(VLOOKUP(A30,Sheet1!$E$3:$H$27,4,0),"") -> P1 | C30: KKP005 (backup) | D30: Pujianto | E30: =IFERROR(VLOOKUP(D30,Sheet1!$B$1:$C$45,2,0),"") -> MBP | F30: Winda Sokenda | G30: =IFERROR(IFS(F30="Winda Sokenda","Barito Raya",F30="Doni Damara","Palangkaraya"),"") -> Barito Raya | H30: =IFERROR(VLOOKUP(A30,Sheet1!$E$3:$F$27,2,),"") -> Corrective | I30: =IFERROR(VLOOKUP(A30,Sheet1!$E$3:$G$27,3,0),"") -> Impact BTS down / RX Level >70 / PL | J30: On Progress | K30: 46310 | L30: 46310 | M30: Waiting Update | N30: Standbay Pemadaman
A31: Penambahan Modul Recti | B31: =IFERROR(VLOOKUP(A31,Sheet1!$E$3:$H$27,4,0),"") -> P2 | C31: KKP065 | D31: Alfi Syahri | E31: =IFERROR(VLOOKUP(D31,Sheet1!$B$1:$C$45,2,0),"") -> CME | F31: Winda Sokenda | G31: =IFERROR(IFS(F31="Winda Sokenda","Barito Raya",F31="Doni Damara","Palangkaraya"),"") -> Barito Raya | H31: =IFERROR(VLOOKUP(A31,Sheet1!$E$3:$F$27,2,),"") -> Corrective | I31: =IFERROR(VLOOKUP(A31,Sheet1!$E$3:$G$27,3,0),"") -> Penambahan Modul Recti | J31: On Progress | K31: 46310 | L31: 46310 | M31: Waiting Update | N31: Replace APR
A32: Pengecekan Power | B32: =IFERROR(VLOOKUP(A32,Sheet1!$E$3:$H$27,4,0),"") -> P1 | C32: MTW004 (Backup) | D32: Taklim | E32: MBP | F32: Winda Sokenda | G32: =IFERROR(IFS(F32="Winda Sokenda","Barito Raya",F32="Doni Damara","Palangkaraya"),"") -> Barito Raya | H32: =IFERROR(VLOOKUP(A32,Sheet1!$E$3:$F$27,2,),"") -> Preventive | I32: =IFERROR(VLOOKUP(A32,Sheet1!$E$3:$G$27,3,0),"") -> MCB trip/Power upnormal | J32: On Progress | K32: 46310 | L32: 46310 | M32: Waiting Update | N32: Standbay Pemadaman
A33: Cell down | B33: =IFERROR(VLOOKUP(A33,Sheet1!$E$3:$H$27,4,0),"") -> P1 | C33: KKP146 | D33: Yahya Muhamad | E33: =IFERROR(VLOOKUP(D33,Sheet1!$B$1:$C$45,2,0),"") -> TE | F33: Winda Sokenda | G33: Barito Raya | H33: =IFERROR(VLOOKUP(A33,Sheet1!$E$3:$F$27,2,),"") -> Corrective | I33: =IFERROR(VLOOKUP(A33,Sheet1!$E$3:$G$27,3,0),"") -> Replace Optik,RRU/Soket Power/Replace GPS | J33: On Progress | K33: 46310 | L33: 46310 | M33: Waiting Update | N33: Cell Flicker
A34: PM | B34: =IFERROR(VLOOKUP(A34,Sheet1!$E$3:$H$27,4,0),"") -> P2 | C34: TML026 | D34: Khilal dawai katiri | E34: =IFERROR(VLOOKUP(D34,Sheet1!$B$1:$C$45,2,0),"") -> MBP | F34: Winda Sokenda | G34: Barito Raya | H34: =IFERROR(VLOOKUP(A34,Sheet1!$E$3:$F$27,2,),"") -> Preventive | I34: =IFERROR(VLOOKUP(A34,Sheet1!$E$3:$G$27,3,0),"") -> Preventive Maintenance | J34: On Progress | K34: 46310 | L34: 46310 | M34: Waiting Update | N34: PMS
A35: PM | B35: =IFERROR(VLOOKUP(A35,Sheet1!$E$3:$H$27,4,0),"") -> P2 | C35: PRC051 | D35: Riko setiadi | E35: =IFERROR(VLOOKUP(D35,Sheet1!$B$1:$C$45,2,0),"") -> PM | F35: Winda Sokenda | G35: Barito Raya | H35: =IFERROR(VLOOKUP(A35,Sheet1!$E$3:$F$27,2,),"") -> Preventive | I35: =IFERROR(VLOOKUP(A35,Sheet1!$E$3:$G$27,3,0),"") -> Preventive Maintenance | J35: Standby | K35: 46310 | L35: 46310 | M35: Waiting Update | N35: PMS
A36: Pengecekan battrey | B36: =IFERROR(VLOOKUP(A36,Sheet1!$E$3:$H$27,4,0),"") -> P2 | C36: BNT006 | D36: Putra wardana | E36: =IFERROR(VLOOKUP(D36,Sheet1!$B$1:$C$45,2,0),"") -> TE | F36: Winda Sokenda | G36: =IFERROR(IFS(F36="Winda Sokenda","Barito Raya",F36="Doni Damara","Palangkaraya"),"") -> Barito Raya | H36: =IFERROR(VLOOKUP(A36,Sheet1!$E$3:$F$27,2,),"") -> Preventive | I36: =IFERROR(VLOOKUP(A36,Sheet1!$E$3:$G$27,3,0),"") -> Pengukuran dan pengambilan data log serta input Gdoc BBT | J36: On Progress | K36: 46307 | L36: 46307 | M36: Done | N36: BBT 0
A37: Site Down | B37: =IFERROR(VLOOKUP(A37,Sheet1!$E$3:$H$27,4,0),"") -> P1 | C37: AMT003 | D37: Sailillah | E37: =IFERROR(VLOOKUP(D37,Sheet1!$B$1:$C$45,2,0),"") -> TE | F37: Winda Sokenda | G37: =IFERROR(IFS(F37="Winda Sokenda","Barito Raya",F37="Doni Damara","Palangkaraya"),"") -> Barito Raya | H37: =IFERROR(VLOOKUP(A37,Sheet1!$E$3:$F$27,2,),"") -> Corrective | I37: =IFERROR(VLOOKUP(A37,Sheet1!$E$3:$G$27,3,0),"") -> Pemadaman,MCB Trip,Transmisi problem | J37: On Progress | K37: 46307 | L37: 46307 | M37: Done | N37: Koordinasi to pjs
A38: Pengecekan battrey | B38: =IFERROR(VLOOKUP(A38,Sheet1!$E$3:$H$27,4,0),"") -> P2 | C38: MTW062 | D38: Tiviansyah | E38: =IFERROR(VLOOKUP(D38,Sheet1!$B$1:$C$45,2,0),"") -> TE | F38: Winda Sokenda | G38: =IFERROR(IFS(F38="Winda Sokenda","Barito Raya",F38="Doni Damara","Palangkaraya"),"") -> Barito Raya | H38: =IFERROR(VLOOKUP(A38,Sheet1!$E$3:$F$27,2,),"") -> Preventive | I38: =IFERROR(VLOOKUP(A38,Sheet1!$E$3:$G$27,3,0),"") -> Pengukuran dan pengambilan data log serta input Gdoc BBT | J38: On Progress | K38: 46307 | L38: 46307 | M38: Done | N38: BBT 0
A39: Pengecekan battrey | B39: =IFERROR(VLOOKUP(A39,Sheet1!$E$3:$H$27,4,0),"") -> P2 | C39: MTW088 | D39: munawir akhmad | E39: =IFERROR(VLOOKUP(D39,Sheet1!$B$1:$C$45,2,0),"") -> TE | F39: Winda Sokenda | G39: =IFERROR(IFS(F39="Winda Sokenda","Barito Raya",F39="Doni Damara","Palangkaraya"),"") -> Barito Raya | H39: =IFERROR(VLOOKUP(A39,Sheet1!$E$3:$F$27,2,),"") -> Preventive | I39: =IFERROR(VLOOKUP(A39,Sheet1!$E$3:$G$27,3,0),"") -> Pengukuran dan pengambilan data log serta input Gdoc BBT | J39: On Progress | K39: 46307 | L39: 46307 | M39: Done | N39: BBT 0
A40: Pengecekan Power | B40: =IFERROR(VLOOKUP(A40,Sheet1!$E$3:$H$27,4,0),"") -> P1 | C40: PRC005 | D40: Murjani | E40: =IFERROR(VLOOKUP(D40,Sheet1!$B$1:$C$45,2,0),"") -> TE | F40: Winda Sokenda | G40: =IFERROR(IFS(F40="Winda Sokenda","Barito Raya",F40="Doni Damara","Palangkaraya"),"") -> Barito Raya | H40: =IFERROR(VLOOKUP(A40,Sheet1!$E$3:$F$27,2,),"") -> Preventive | I40: =IFERROR(VLOOKUP(A40,Sheet1!$E$3:$G$27,3,0),"") -> MCB trip/Power upnormal | J40: On Progress | K40: 46307 | L40: 46307 | M40: Done
A41: Pengecekan Power | B41: =IFERROR(VLOOKUP(A41,Sheet1!$E$3:$H$27,4,0),"") -> P1 | C41: KKP093 | D41: Reynaldy Ricardo Putra | E41: =IFERROR(VLOOKUP(D41,Sheet1!$B$1:$C$45,2,0),"") -> TE | F41: Winda Sokenda | G41: =IFERROR(IFS(F41="Winda Sokenda","Barito Raya",F41="Doni Damara","Palangkaraya"),"") -> Barito Raya | H41: =IFERROR(VLOOKUP(A41,Sheet1!$E$3:$F$27,2,),"") -> Preventive | I41: =IFERROR(VLOOKUP(A41,Sheet1!$E$3:$G$27,3,0),"") -> MCB trip/Power upnormal | J41: On Progress | K41: 46307 | L41: 46307 | M41: Done | N41: BBT 0
A42: Pengecekan battrey | B42: =IFERROR(VLOOKUP(A42,Sheet1!$E$3:$H$27,4,0),"") -> P2 | C42: KKP036 | D42: Sahrul Saputra | E42: =IFERROR(VLOOKUP(D42,Sheet1!$B$1:$C$45,2,0),"") -> TE | F42: Winda Sokenda | G42: =IFERROR(IFS(F42="Winda Sokenda","Barito Raya",F42="Doni Damara","Palangkaraya"),"") -> Barito Raya | H42: =IFERROR(VLOOKUP(A42,Sheet1!$E$3:$F$27,2,),"") -> Preventive | I42: =IFERROR(VLOOKUP(A42,Sheet1!$E$3:$G$27,3,0),"") -> Pengukuran dan pengambilan data log serta input Gdoc BBT | J42: On Progress | K42: 46307 | L42: 46307 | M42: Done | N42: BBT 0
A43: Pengecekan Power | B43: =IFERROR(VLOOKUP(A43,Sheet1!$E$3:$H$27,4,0),"") -> P1 | C43: PRC200 (backup) | D43: Ahmad Muzakir | E43: =IFERROR(VLOOKUP(D43,Sheet1!$B$1:$C$45,2,0),"") -> MBP | F43: Winda Sokenda | G43: =IFERROR(IFS(F43="Winda Sokenda","Barito Raya",F43="Doni Damara","Palangkaraya"),"") -> Barito Raya | H43: =IFERROR(VLOOKUP(A43,Sheet1!$E$3:$F$27,2,),"") -> Preventive | I43: =IFERROR(VLOOKUP(A43,Sheet1!$E$3:$G$27,3,0),"") -> MCB trip/Power upnormal | J43: On Progress | K43: 46307 | L43: 46307 | M43: Done | N43: Backup PRC043
A44: Pengecekan Power | B44: =IFERROR(VLOOKUP(A44,Sheet1!$E$3:$H$27,4,0),"") -> P1 | C44: TML005 (Backup) | D44: Harun Nurasyid | E44: =IFERROR(VLOOKUP(D44,Sheet1!$B$1:$C$45,2,0),"") -> CME | F44: Winda Sokenda | G44: =IFERROR(IFS(F44="Winda Sokenda","Barito Raya",F44="Doni Damara","Palangkaraya"),"") -> Barito Raya | H44: =IFERROR(VLOOKUP(A44,Sheet1!$E$3:$F$27,2,),"") -> Preventive | I44: =IFERROR(VLOOKUP(A44,Sheet1!$E$3:$G$27,3,0),"") -> MCB trip/Power upnormal | J44: On Progress | K44: 46307 | L44: 46307 | M44: Done | N44: Standbay Pemadaman
A45: Pengecekan Power | B45: =IFERROR(VLOOKUP(A45,Sheet1!$E$3:$H$27,4,0),"") -> P1 | C45: KKP072 (backup) | D45: Nurhayat | E45: =IFERROR(VLOOKUP(D45,Sheet1!$B$1:$C$45,2,0),"") -> MBP | F45: Winda Sokenda | G45: =IFERROR(IFS(F45="Winda Sokenda","Barito Raya",F45="Doni Damara","Palangkaraya"),"") -> Barito Raya | H45: =IFERROR(VLOOKUP(A45,Sheet1!$E$3:$F$27,2,),"") -> Preventive | I45: =IFERROR(VLOOKUP(A45,Sheet1!$E$3:$G$27,3,0),"") -> MCB trip/Power upnormal | J45: On Progress | K45: 46307 | L45: 46307 | M45: Done | N45: Backup KKP008
A46: Pengecekan Power | B46: =IFERROR(VLOOKUP(A46,Sheet1!$E$3:$H$27,4,0),"") -> P1 | C46: KKP005 (backup) | D46: Pujianto | E46: =IFERROR(VLOOKUP(D46,Sheet1!$B$1:$C$45,2,0),"") -> MBP | F46: Winda Sokenda | G46: =IFERROR(IFS(F46="Winda Sokenda","Barito Raya",F46="Doni Damara","Palangkaraya"),"") -> Barito Raya | H46: =IFERROR(VLOOKUP(A46,Sheet1!$E$3:$F$27,2,),"") -> Preventive | I46: =IFERROR(VLOOKUP(A46,Sheet1!$E$3:$G$27,3,0),"") -> MCB trip/Power upnormal | J46: On Progress | K46: 46307 | L46: 46307 | M46: Done | N46: Backup KKP004
A47: Pengecekan Power | B47: =IFERROR(VLOOKUP(A47,Sheet1!$E$3:$H$27,4,0),"") -> P1 | C47: KKP065 (Backup) | D47: Alfi Syahri | E47: =IFERROR(VLOOKUP(D47,Sheet1!$B$1:$C$45,2,0),"") -> CME | F47: Winda Sokenda | G47: =IFERROR(IFS(F47="Winda Sokenda","Barito Raya",F47="Doni Damara","Palangkaraya"),"") -> Barito Raya | H47: =IFERROR(VLOOKUP(A47,Sheet1!$E$3:$F$27,2,),"") -> Preventive | I47: =IFERROR(VLOOKUP(A47,Sheet1!$E$3:$G$27,3,0),"") -> MCB trip/Power upnormal | J47: On Progress | K47: 46307 | L47: 46307 | M47: Done | N47: Backup KKP065
A48: Pengecekan Power | B48: =IFERROR(VLOOKUP(A48,Sheet1!$E$3:$H$27,4,0),"") -> P1 | C48: MTW004 (Backup) | D48: Taklim | E48: =IFERROR(VLOOKUP(D48,Sheet1!$B$1:$C$45,2,0),"") -> MBP | F48: Winda Sokenda | G48: =IFERROR(IFS(F48="Winda Sokenda","Barito Raya",F48="Doni Damara","Palangkaraya"),"") -> Barito Raya | H48: =IFERROR(VLOOKUP(A48,Sheet1!$E$3:$F$27,2,),"") -> Preventive | I48: =IFERROR(VLOOKUP(A48,Sheet1!$E$3:$G$27,3,0),"") -> MCB trip/Power upnormal | J48: On Progress | K48: 46307 | L48: 46307 | M48: Done | N48: Standbay Pemadaman
A49: PM | B49: P2 | C49: BNT044 | D49: Trisno Susanto | E49: CME | F49: Winda Sokenda | G49: Barito Raya | H49: =IFERROR(VLOOKUP(A49,Sheet1!$E$3:$F$27,2,),"") -> Preventive | I49: =IFERROR(VLOOKUP(A49,Sheet1!$E$3:$G$27,3,0),"") -> Preventive Maintenance | J49: On Progress | K49: 46307 | L49: 46307 | M49: Done | N49: PMS
A50: PM | B50: P2 | C50: BNT044 | D50: Khilal dawai katiri | E50: MBP | F50: Winda Sokenda | G50: Barito Raya | H50: =IFERROR(VLOOKUP(A50,Sheet1!$E$3:$F$27,2,),"") -> Preventive | I50: =IFERROR(VLOOKUP(A50,Sheet1!$E$3:$G$27,3,0),"") -> Preventive Maintenance | J50: On Progress | K50: 46307 | L50: 46307 | M50: Done | N50: PMS
A51: PM | B51: P3 | C51: MTW017 (PMG) | D51: Riko setiadi | E51: CME | F51: Winda Sokenda | G51: Barito Raya | H51: =IFERROR(VLOOKUP(A51,Sheet1!$E$3:$F$27,2,),"") -> Preventive | I51: =IFERROR(VLOOKUP(A51,Sheet1!$E$3:$G$27,3,0),"") -> Preventive Maintenance | J51: On Progress | K51: 46307 | L51: 46307 | M51: Done | N51: PMG
A52: Cell down | B52: =IFERROR(VLOOKUP(A52,Sheet1!$E$3:$H$27,4,0),"") -> P1 | C52: BNT006 | D52: Putra wardana | E52: =IFERROR(VLOOKUP(D52,Sheet1!$B$1:$C$45,2,0),"") -> TE | F52: Winda Sokenda | G52: =IFERROR(IFS(F52="Winda Sokenda","Barito Raya",F52="Doni Damara","Palangkaraya"),"") -> Barito Raya | H52: =IFERROR(VLOOKUP(A52,Sheet1!$E$3:$F$27,2,),"") -> Corrective | I52: =IFERROR(VLOOKUP(A52,Sheet1!$E$3:$G$27,3,0),"") -> Replace Optik,RRU/Soket Power/Replace GPS | J52: Waiting Material | K52: 46308 | L52: 46308 | M52: Waiting Update | N52: Waiting RRU
A53: Site Down | B53: =IFERROR(VLOOKUP(A53,Sheet1!$E$3:$H$27,4,0),"") -> P1 | C53: COH953 | D53: Sailillah | E53: =IFERROR(VLOOKUP(D53,Sheet1!$B$1:$C$45,2,0),"") -> TE | F53: Winda Sokenda | G53: =IFERROR(IFS(F53="Winda Sokenda","Barito Raya",F53="Doni Damara","Palangkaraya"),"") -> Barito Raya | H53: =IFERROR(VLOOKUP(A53,Sheet1!$E$3:$F$27,2,),"") -> Corrective | I53: =IFERROR(VLOOKUP(A53,Sheet1!$E$3:$G$27,3,0),"") -> Pemadaman,MCB Trip,Transmisi problem | J53: On Progress | K53: 46308 | L53: 46308 | M53: Waiting Update | N53: PMG
A54: Pengecekan battrey | B54: =IFERROR(VLOOKUP(A54,Sheet1!$E$3:$H$27,4,0),"") -> P2 | C54: TML | D54: Tiviansyah | E54: =IFERROR(VLOOKUP(D54,Sheet1!$B$1:$C$45,2,0),"") -> TE | F54: Winda Sokenda | G54: =IFERROR(IFS(F54="Winda Sokenda","Barito Raya",F54="Doni Damara","Palangkaraya"),"") -> Barito Raya | H54: =IFERROR(VLOOKUP(A54,Sheet1!$E$3:$F$27,2,),"") -> Preventive | I54: =IFERROR(VLOOKUP(A54,Sheet1!$E$3:$G$27,3,0),"") -> Pengukuran dan pengambilan data log serta input Gdoc BBT | J54: On Progress | K54: 46308 | L54: 46308 | M54: Waiting Update
A55: Pengecekan battrey | B55: =IFERROR(VLOOKUP(A55,Sheet1!$E$3:$H$27,4,0),"") -> P2 | C55: NTH079 | D55: munawir akhmad | E55: =IFERROR(VLOOKUP(D55,Sheet1!$B$1:$C$45,2,0),"") -> TE | F55: Winda Sokenda | G55: =IFERROR(IFS(F55="Winda Sokenda","Barito Raya",F55="Doni Damara","Palangkaraya"),"") -> Barito Raya | H55: =IFERROR(VLOOKUP(A55,Sheet1!$E$3:$F$27,2,),"") -> Preventive | I55: =IFERROR(VLOOKUP(A55,Sheet1!$E$3:$G$27,3,0),"") -> Pengukuran dan pengambilan data log serta input Gdoc BBT | J55: On Progress | K55: 46308 | L55: 46308 | M55: Waiting Update
A56: Vswr | B56: =IFERROR(VLOOKUP(A56,Sheet1!$E$3:$H$27,4,0),"") -> P1 | C56: PRC051 | D56: Murjani | E56: =IFERROR(VLOOKUP(D56,Sheet1!$B$1:$C$45,2,0),"") -> TE | F56: Winda Sokenda | G56: =IFERROR(IFS(F56="Winda Sokenda","Barito Raya",F56="Doni Damara","Palangkaraya"),"") -> Barito Raya | H56: =IFERROR(VLOOKUP(A56,Sheet1!$E$3:$F$27,2,),"") -> Corrective | I56: =IFERROR(VLOOKUP(A56,Sheet1!$E$3:$G$27,3,0),"") -> Replace Jumper,antena/RRU | J56: Waiting Material | K56: 46308 | L56: 46308 | M56: Waiting Update | N56: Waiting RRU
A57: Pengecekan Power | B57: =IFERROR(VLOOKUP(A57,Sheet1!$E$3:$H$27,4,0),"") -> P1 | C57: KKP038 | D57: Reynaldy Ricardo Putra | E57: =IFERROR(VLOOKUP(D57,Sheet1!$B$1:$C$45,2,0),"") -> TE | F57: Winda Sokenda | G57: =IFERROR(IFS(F57="Winda Sokenda","Barito Raya",F57="Doni Damara","Palangkaraya"),"") -> Barito Raya | H57: =IFERROR(VLOOKUP(A57,Sheet1!$E$3:$F$27,2,),"") -> Preventive | I57: =IFERROR(VLOOKUP(A57,Sheet1!$E$3:$G$27,3,0),"") -> MCB trip/Power upnormal | J57: On Progress | K57: 46308 | L57: 46308 | M57: Waiting Update
A58: PM | B58: =IFERROR(VLOOKUP(A58,Sheet1!$E$3:$H$27,4,0),"") -> P2 | C58: KSN002 | D58: Indra | E58: =IFERROR(VLOOKUP(D58,Sheet1!$B$1:$C$45,2,0),"") -> PM | F58: Doni Damara | G58: =IFERROR(IFS(F58="Winda Sokenda","Barito Raya",F58="Doni Damara","Palangkaraya"),"") -> Palangkaraya | H58: =IFERROR(VLOOKUP(A58,Sheet1!$E$3:$F$27,2,),"") -> Preventive | I58: =IFERROR(VLOOKUP(A58,Sheet1!$E$3:$G$27,3,0),"") -> Preventive Maintenance | J58: On Progress | K58: 46004 | L58: 46004 | M58: Pending
A59: PM | B59: =IFERROR(VLOOKUP(A59,Sheet1!$E$3:$H$27,4,0),"") -> P2 | C59: PLK012 | D59: Darli | E59: =IFERROR(VLOOKUP(D59,Sheet1!$B$1:$C$45,2,0),"") -> PM | F59: Doni Damara | G59: =IFERROR(IFS(F59="Winda Sokenda","Barito Raya",F59="Doni Damara","Palangkaraya"),"") -> Palangkaraya | H59: =IFERROR(VLOOKUP(A59,Sheet1!$E$3:$F$27,2,),"") -> Preventive | I59: =IFERROR(VLOOKUP(A59,Sheet1!$E$3:$G$27,3,0),"") -> Preventive Maintenance | J59: On Progress | K59: 46004 | L59: 46004 | M59: Done
A60: PM | B60: =IFERROR(VLOOKUP(A60,Sheet1!$E$3:$H$27,4,0),"") -> P2 | C60: PLK093 | D60: AHMAD ARDIANTO FIRMANSYAH | E60: =IFERROR(VLOOKUP(D60,Sheet1!$B$1:$C$45,2,0),"") -> PM | F60: Doni Damara | G60: =IFERROR(IFS(F60="Winda Sokenda","Barito Raya",F60="Doni Damara","Palangkaraya"),"") -> Palangkaraya | H60: =IFERROR(VLOOKUP(A60,Sheet1!$E$3:$F$27,2,),"") -> Preventive | I60: =IFERROR(VLOOKUP(A60,Sheet1!$E$3:$G$27,3,0),"") -> Preventive Maintenance | J60: On Progress | K60: 46004 | L60: 46004 | M60: Done
A61: Standby On Call | B61: =IFERROR(VLOOKUP(A61,Sheet1!$E$3:$H$27,4,0),"") -> P3 | D61: Purwanto | E61: =IFERROR(VLOOKUP(D61,Sheet1!$B$1:$C$45,2,0),"") -> MBP | F61: Doni Damara | G61: =IFERROR(IFS(F61="Winda Sokenda","Barito Raya",F61="Doni Damara","Palangkaraya"),"") -> Palangkaraya | H61: =IFERROR(VLOOKUP(A61,Sheet1!$E$3:$F$27,2,),"") -> Standby | I61: =IFERROR(VLOOKUP(A61,Sheet1!$E$3:$G$27,3,0),"") -> Standby On Call | J61: Standby | K61: 46004 | L61: 46004 | M61: Waiting Update
A62: Standby On Call | B62: =IFERROR(VLOOKUP(A62,Sheet1!$E$3:$H$27,4,0),"") -> P3 | D62: Sairaji | E62: =IFERROR(VLOOKUP(D62,Sheet1!$B$1:$C$45,2,0),"") -> MBP | F62: Doni Damara | G62: =IFERROR(IFS(F62="Winda Sokenda","Barito Raya",F62="Doni Damara","Palangkaraya"),"") -> Palangkaraya | H62: =IFERROR(VLOOKUP(A62,Sheet1!$E$3:$F$27,2,),"") -> Standby | I62: =IFERROR(VLOOKUP(A62,Sheet1!$E$3:$G$27,3,0),"") -> Standby On Call | J62: Standby | K62: 46004 | L62: 46004 | M62: Waiting Update
A63: Standby On Call | B63: =IFERROR(VLOOKUP(A63,Sheet1!$E$3:$H$27,4,0),"") -> P3 | D63: Sarwono | E63: =IFERROR(VLOOKUP(D63,Sheet1!$B$1:$C$45,2,0),"") -> CME | F63: Doni Damara | G63: =IFERROR(IFS(F63="Winda Sokenda","Barito Raya",F63="Doni Damara","Palangkaraya"),"") -> Palangkaraya | H63: =IFERROR(VLOOKUP(A63,Sheet1!$E$3:$F$27,2,),"") -> Standby | I63: =IFERROR(VLOOKUP(A63,Sheet1!$E$3:$G$27,3,0),"") -> Standby On Call | J63: Standby | K63: 46004 | L63: 46004 | M63: Waiting Update
A64: Standby On Call | B64: =IFERROR(VLOOKUP(A64,Sheet1!$E$3:$H$27,4,0),"") -> P3 | D64: Fajrianur wahid | E64: =IFERROR(VLOOKUP(D64,Sheet1!$B$1:$C$45,2,0),"") -> TE | F64: Doni Damara | G64: =IFERROR(IFS(F64="Winda Sokenda","Barito Raya",F64="Doni Damara","Palangkaraya"),"") -> Palangkaraya | H64: =IFERROR(VLOOKUP(A64,Sheet1!$E$3:$F$27,2,),"") -> Standby | I64: =IFERROR(VLOOKUP(A64,Sheet1!$E$3:$G$27,3,0),"") -> Standby On Call | J64: Standby | K64: 46004 | L64: 46004 | M64: Waiting Update
A65: Site Down | B65: =IFERROR(VLOOKUP(A65,Sheet1!$E$3:$H$27,4,0),"") -> P1 | C65: PPS007 | D65: Agus muliana pamungkas | E65: =IFERROR(VLOOKUP(D65,Sheet1!$B$1:$C$45,2,0),"") -> MBP | F65: Doni Damara | G65: =IFERROR(IFS(F65="Winda Sokenda","Barito Raya",F65="Doni Damara","Palangkaraya"),"") -> Palangkaraya | H65: =IFERROR(VLOOKUP(A65,Sheet1!$E$3:$F$27,2,),"") -> Corrective | I65: =IFERROR(VLOOKUP(A65,Sheet1!$E$3:$G$27,3,0),"") -> Pemadaman,MCB Trip,Transmisi problem | J65: On Progress | K65: 46004 | L65: 46004 | M65: Done
A66: Standby On Call | B66: =IFERROR(VLOOKUP(A66,Sheet1!$E$3:$H$27,4,0),"") -> P3 | D66: Harun Nurasyid | E66: =IFERROR(VLOOKUP(D66,Sheet1!$B$1:$C$45,2,0),"") -> CME | F66: Winda Sokenda | G66: =IFERROR(IFS(F66="Winda Sokenda","Barito Raya",F66="Doni Damara","Palangkaraya"),"") -> Barito Raya | H66: =IFERROR(VLOOKUP(A66,Sheet1!$E$3:$F$27,2,),"") -> Standby | I66: =IFERROR(VLOOKUP(A66,Sheet1!$E$3:$G$27,3,0),"") -> Standby On Call | J66: Standby | K66: 3698431 | L66: 3698431 | M66: Waiting Update
A67: Standby On Call | B67: =IFERROR(VLOOKUP(A67,Sheet1!$E$3:$H$27,4,0),"") -> P3 | D67: Nurhayat | E67: =IFERROR(VLOOKUP(D67,Sheet1!$B$1:$C$45,2,0),"") -> MBP | F67: Winda Sokenda | G67: =IFERROR(IFS(F67="Winda Sokenda","Barito Raya",F67="Doni Damara","Palangkaraya"),"") -> Barito Raya | H67: =IFERROR(VLOOKUP(A67,Sheet1!$E$3:$F$27,2,),"") -> Standby | I67: =IFERROR(VLOOKUP(A67,Sheet1!$E$3:$G$27,3,0),"") -> Standby On Call | J67: Standby | K67: 3698431 | L67: 3698431 | M67: Waiting Update
A68: Pengecekan battrey | B68: =IFERROR(VLOOKUP(A68,Sheet1!$E$3:$H$27,4,0),"") -> P2 | C68: BNT008 | D68: Putra wardana | E68: =IFERROR(VLOOKUP(D68,Sheet1!$B$1:$C$45,2,0),"") -> TE | F68: Winda Sokenda | G68: =IFERROR(IFS(F68="Winda Sokenda","Barito Raya",F68="Doni Damara","Palangkaraya"),"") -> Barito Raya | H68: =IFERROR(VLOOKUP(A68,Sheet1!$E$3:$F$27,2,),"") -> Preventive | I68: =IFERROR(VLOOKUP(A68,Sheet1!$E$3:$G$27,3,0),"") -> Pengukuran dan pengambilan data log serta input Gdoc BBT | J68: On Progress | K68: 3698431 | L68: 3698431 | M68: Done
A69: Pengecekan battrey | B69: =IFERROR(VLOOKUP(A69,Sheet1!$E$3:$H$27,4,0),"") -> P2 | C69: TML113 | D69: Sailillah | E69: =IFERROR(VLOOKUP(D69,Sheet1!$B$1:$C$45,2,0),"") -> TE | F69: Winda Sokenda | G69: =IFERROR(IFS(F69="Winda Sokenda","Barito Raya",F69="Doni Damara","Palangkaraya"),"") -> Barito Raya | H69: =IFERROR(VLOOKUP(A69,Sheet1!$E$3:$F$27,2,),"") -> Preventive | I69: =IFERROR(VLOOKUP(A69,Sheet1!$E$3:$G$27,3,0),"") -> Pengukuran dan pengambilan data log serta input Gdoc BBT | J69: On Progress | K69: 3698431 | L69: 3698431 | M69: Done
A70: PM | B70: =IFERROR(VLOOKUP(A70,Sheet1!$E$3:$H$27,4,0),"") -> P2 | C70: KKP008 | D70: Khilal dawai katiri | E70: =IFERROR(VLOOKUP(D70,Sheet1!$B$1:$C$45,2,0),"") -> MBP | F70: Winda Sokenda | G70: =IFERROR(IFS(F70="Winda Sokenda","Barito Raya",F70="Doni Damara","Palangkaraya"),"") -> Barito Raya | H70: =IFERROR(VLOOKUP(A70,Sheet1!$E$3:$F$27,2,),"") -> Preventive | I70: =IFERROR(VLOOKUP(A70,Sheet1!$E$3:$G$27,3,0),"") -> Preventive Maintenance | J70: On Progress | K70: 3698431 | L70: 3698431 | M70: Pending | N70: Lanjut 16/12/2025, kemarin mobil amblas
A71: PM | B71: =IFERROR(VLOOKUP(A71,Sheet1!$E$3:$H$27,4,0),"") -> P2 | C71: KKP008 | D71: Trisno Susanto | E71: =IFERROR(VLOOKUP(D71,Sheet1!$B$1:$C$45,2,0),"") -> PM | F71: Winda Sokenda | G71: =IFERROR(IFS(F71="Winda Sokenda","Barito Raya",F71="Doni Damara","Palangkaraya"),"") -> Barito Raya | H71: =IFERROR(VLOOKUP(A71,Sheet1!$E$3:$F$27,2,),"") -> Preventive | I71: =IFERROR(VLOOKUP(A71,Sheet1!$E$3:$G$27,3,0),"") -> Preventive Maintenance | J71: On Progress | K71: 3698431 | L71: 3698431 | M71: Pending | N71: Lanjut 16/12/2025, kemarin mobil amblas
A72: PM | B72: =IFERROR(VLOOKUP(A72,Sheet1!$E$3:$H$27,4,0),"") -> P2 | C72: MTW071 | D72: Riko setiadi | E72: =IFERROR(VLOOKUP(D72,Sheet1!$B$1:$C$45,2,0),"") -> PM | F72: Winda Sokenda | G72: =IFERROR(IFS(F72="Winda Sokenda","Barito Raya",F72="Doni Damara","Palangkaraya"),"") -> Barito Raya | H72: =IFERROR(VLOOKUP(A72,Sheet1!$E$3:$F$27,2,),"") -> Preventive | I72: =IFERROR(VLOOKUP(A72,Sheet1!$E$3:$G$27,3,0),"") -> Preventive Maintenance | J72: On Progress | K72: 3698431 | L72: 3698431 | M72: Done
A73: Pengecekan Power | B73: =IFERROR(VLOOKUP(A73,Sheet1!$E$3:$H$27,4,0),"") -> P1 | C73: KKP225 | D73: Alfi Syahri | E73: =IFERROR(VLOOKUP(D73,Sheet1!$B$1:$C$45,2,0),"") -> CME | F73: Winda Sokenda | G73: =IFERROR(IFS(F73="Winda Sokenda","Barito Raya",F73="Doni Damara","Palangkaraya"),"") -> Barito Raya | H73: =IFERROR(VLOOKUP(A73,Sheet1!$E$3:$F$27,2,),"") -> Preventive | I73: =IFERROR(VLOOKUP(A73,Sheet1!$E$3:$G$27,3,0),"") -> MCB trip/Power upnormal | J73: On Progress | K73: 3698431 | L73: 3698431 | M73: Done
A74: Vswr | B74: =IFERROR(VLOOKUP(A74,Sheet1!$E$3:$H$27,4,0),"") -> P1 | C74: KKP067 | D74: Riki Hidayat | E74: =IFERROR(VLOOKUP(D74,Sheet1!$B$1:$C$45,2,0),"") -> TE | F74: Winda Sokenda | G74: =IFERROR(IFS(F74="Winda Sokenda","Barito Raya",F74="Doni Damara","Palangkaraya"),"") -> Barito Raya | H74: =IFERROR(VLOOKUP(A74,Sheet1!$E$3:$F$27,2,),"") -> Corrective | I74: =IFERROR(VLOOKUP(A74,Sheet1!$E$3:$G$27,3,0),"") -> Replace Jumper,antena/RRU | J74: On Progress | K74: 3698431 | L74: 3698431 | M74: Pending | N74: Lanjut 16/12/2025
A75: Standby On Call | B75: =IFERROR(VLOOKUP(A75,Sheet1!$E$3:$H$27,4,0),"") -> P3 | D75: Dayatullah | E75: =IFERROR(VLOOKUP(D75,Sheet1!$B$1:$C$45,2,0),"") -> MBP | F75: Winda Sokenda | G75: =IFERROR(IFS(F75="Winda Sokenda","Barito Raya",F75="Doni Damara","Palangkaraya"),"") -> Barito Raya | H75: =IFERROR(VLOOKUP(A75,Sheet1!$E$3:$F$27,2,),"") -> Standby | I75: =IFERROR(VLOOKUP(A75,Sheet1!$E$3:$G$27,3,0),"") -> Standby On Call | J75: Standby | K75: 3698431 | L75: 3698431 | M75: Waiting Update
A76: Standby On Call | B76: =IFERROR(VLOOKUP(A76,Sheet1!$E$3:$H$27,4,0),"") -> P3 | D76: Taklim | E76: =IFERROR(VLOOKUP(D76,Sheet1!$B$1:$C$45,2,0),"") -> MBP | F76: Winda Sokenda | G76: =IFERROR(IFS(F76="Winda Sokenda","Barito Raya",F76="Doni Damara","Palangkaraya"),"") -> Barito Raya | H76: =IFERROR(VLOOKUP(A76,Sheet1!$E$3:$F$27,2,),"") -> Standby | I76: =IFERROR(VLOOKUP(A76,Sheet1!$E$3:$G$27,3,0),"") -> Standby On Call | J76: Standby | K76: 3698431 | L76: 3698431 | M76: Waiting Update
A77: Pengecekan battrey | B77: =IFERROR(VLOOKUP(A77,Sheet1!$E$3:$H$27,4,0),"") -> P2 | C77: TML082 | D77: Tiviansyah | E77: =IFERROR(VLOOKUP(D77,Sheet1!$B$1:$C$45,2,0),"") -> TE | F77: Winda Sokenda | G77: =IFERROR(IFS(F77="Winda Sokenda","Barito Raya",F77="Doni Damara","Palangkaraya"),"") -> Barito Raya | H77: =IFERROR(VLOOKUP(A77,Sheet1!$E$3:$F$27,2,),"") -> Preventive | I77: =IFERROR(VLOOKUP(A77,Sheet1!$E$3:$G$27,3,0),"") -> Pengukuran dan pengambilan data log serta input Gdoc BBT | J77: On Progress | K77: 3698431 | L77: 3698431 | M77: Waiting Update
A78: Vswr | B78: =IFERROR(VLOOKUP(A78,Sheet1!$E$3:$H$27,4,0),"") -> P1 | C78: KKP087 | D78: Reynaldy Ricardo Putra | E78: =IFERROR(VLOOKUP(D78,Sheet1!$B$1:$C$45,2,0),"") -> TE | F78: Winda Sokenda | G78: =IFERROR(IFS(F78="Winda Sokenda","Barito Raya",F78="Doni Damara","Palangkaraya"),"") -> Barito Raya | H78: =IFERROR(VLOOKUP(A78,Sheet1!$E$3:$F$27,2,),"") -> Corrective | I78: =IFERROR(VLOOKUP(A78,Sheet1!$E$3:$G$27,3,0),"") -> Replace Jumper,antena/RRU | J78: On Progress | K78: 3698431 | L78: 3698431 | M78: Pending | N78: Team relokasi battery 2P dari KKP019 ke KKP034
A79: Vswr | B79: =IFERROR(VLOOKUP(A79,Sheet1!$E$3:$H$27,4,0),"") -> P1 | C79: KKP087 | D79: Sahrul Saputra | E79: =IFERROR(VLOOKUP(D79,Sheet1!$B$1:$C$45,2,0),"") -> TE | F79: Winda Sokenda | G79: =IFERROR(IFS(F79="Winda Sokenda","Barito Raya",F79="Doni Damara","Palangkaraya"),"") -> Barito Raya | H79: =IFERROR(VLOOKUP(A79,Sheet1!$E$3:$F$27,2,),"") -> Corrective | I79: =IFERROR(VLOOKUP(A79,Sheet1!$E$3:$G$27,3,0),"") -> Replace Jumper,antena/RRU | J79: On Progress | K79: 3698431 | L79: 3698431 | M79: Pending | N79: Team ts celldown di KKP011
A80: Vswr | B80: =IFERROR(VLOOKUP(A80,Sheet1!$E$3:$H$27,4,0),"") -> P1 | C80: KKP218 | D80: Armadi | E80: =IFERROR(VLOOKUP(D80,Sheet1!$B$1:$C$45,2,0),"") -> TE | F80: Winda Sokenda | G80: =IFERROR(IFS(F80="Winda Sokenda","Barito Raya",F80="Doni Damara","Palangkaraya"),"") -> Barito Raya | H80: =IFERROR(VLOOKUP(A80,Sheet1!$E$3:$F$27,2,),"") -> Corrective | I80: =IFERROR(VLOOKUP(A80,Sheet1!$E$3:$G$27,3,0),"") -> Replace Jumper,antena/RRU | J80: On Progress | K80: 3698431 | L80: 3698431 | M80: Done
A81: Vswr | B81: =IFERROR(VLOOKUP(A81,Sheet1!$E$3:$H$27,4,0),"") -> P1 | C81: KKP218 | D81: Jumadi | E81: =IFERROR(VLOOKUP(D81,Sheet1!$B$1:$C$45,2,0),"") -> TE | F81: Winda Sokenda | G81: =IFERROR(IFS(F81="Winda Sokenda","Barito Raya",F81="Doni Damara","Palangkaraya"),"") -> Barito Raya | H81: =IFERROR(VLOOKUP(A81,Sheet1!$E$3:$F$27,2,),"") -> Corrective | I81: =IFERROR(VLOOKUP(A81,Sheet1!$E$3:$G$27,3,0),"") -> Replace Jumper,antena/RRU | J81: On Progress | K81: 3698431 | L81: 3698431 | M81: Done
A82: Vswr | B82: =IFERROR(VLOOKUP(A82,Sheet1!$E$3:$H$27,4,0),"") -> P1 | C82: KKP218 | D82: Ahmad Setiawan | E82: =IFERROR(VLOOKUP(D82,Sheet1!$B$1:$C$45,2,0),"") -> TE | F82: Winda Sokenda | G82: =IFERROR(IFS(F82="Winda Sokenda","Barito Raya",F82="Doni Damara","Palangkaraya"),"") -> Barito Raya | H82: =IFERROR(VLOOKUP(A82,Sheet1!$E$3:$F$27,2,),"") -> Corrective | I82: =IFERROR(VLOOKUP(A82,Sheet1!$E$3:$G$27,3,0),"") -> Replace Jumper,antena/RRU | J82: On Progress | K82: 3698431 | L82: 3698431 | M82: Pending
A83: Vswr | B83: =IFERROR(VLOOKUP(A83,Sheet1!$E$3:$H$27,4,0),"") -> P1 | C83: KKP218 | D83: Oky Bangkit Pamungkas | E83: =IFERROR(VLOOKUP(D83,Sheet1!$B$1:$C$45,2,0),"") -> TE | F83: Winda Sokenda | G83: =IFERROR(IFS(F83="Winda Sokenda","Barito Raya",F83="Doni Damara","Palangkaraya"),"") -> Barito Raya | H83: =IFERROR(VLOOKUP(A83,Sheet1!$E$3:$F$27,2,),"") -> Corrective | I83: =IFERROR(VLOOKUP(A83,Sheet1!$E$3:$G$27,3,0),"") -> Replace Jumper,antena/RRU | J83: On Progress | K83: 3698431 | L83: 3698431 | M83: Done
A84: Vswr | B84: =IFERROR(VLOOKUP(A84,Sheet1!$E$3:$H$27,4,0),"") -> P1 | C84: MTW067 | D84: munawir akhmad | E84: =IFERROR(VLOOKUP(D84,Sheet1!$B$1:$C$45,2,0),"") -> TE | F84: Winda Sokenda | G84: =IFERROR(IFS(F84="Winda Sokenda","Barito Raya",F84="Doni Damara","Palangkaraya"),"") -> Barito Raya | H84: =IFERROR(VLOOKUP(A84,Sheet1!$E$3:$F$27,2,),"") -> Corrective | I84: =IFERROR(VLOOKUP(A84,Sheet1!$E$3:$G$27,3,0),"") -> Replace Jumper,antena/RRU | J84: On Progress | K84: 3698431 | L84: 3698431 | M84: Pending | N84: Lanjut 16/12/2025
A85: Standby On Call | B85: =IFERROR(VLOOKUP(A85,Sheet1!$E$3:$H$27,4,0),"") -> P3 | D85: Ahmad Muzakir | E85: =IFERROR(VLOOKUP(D85,Sheet1!$B$1:$C$45,2,0),"") -> MBP | F85: Winda Sokenda | G85: =IFERROR(IFS(F85="Winda Sokenda","Barito Raya",F85="Doni Damara","Palangkaraya"),"") -> Barito Raya | H85: =IFERROR(VLOOKUP(A85,Sheet1!$E$3:$F$27,2,),"") -> Standby | I85: =IFERROR(VLOOKUP(A85,Sheet1!$E$3:$G$27,3,0),"") -> Standby On Call | J85: Standby | K85: 3698431 | L85: 3698431 | M85: Waiting Update
A86: Site Down | B86: =IFERROR(VLOOKUP(A86,Sheet1!$E$3:$H$27,4,0),"") -> P1 | C86: PRC189 | D86: Murjani | E86: =IFERROR(VLOOKUP(D86,Sheet1!$B$1:$C$45,2,0),"") -> TE | F86: Winda Sokenda | G86: =IFERROR(IFS(F86="Winda Sokenda","Barito Raya",F86="Doni Damara","Palangkaraya"),"") -> Barito Raya | H86: =IFERROR(VLOOKUP(A86,Sheet1!$E$3:$F$27,2,),"") -> Corrective | I86: =IFERROR(VLOOKUP(A86,Sheet1!$E$3:$G$27,3,0),"") -> Pemadaman,MCB Trip,Transmisi problem | J86: On Progress | K86: 3698431 | L86: 3698431 | M86: Done
A87: Tshoot Genset | B87: =IFERROR(VLOOKUP(A87,Sheet1!$E$3:$H$27,4,0),"") -> P1 | C87: KKP217 | D87: Fahmi | E87: =IFERROR(VLOOKUP(D87,Sheet1!$B$1:$C$45,2,0),"") -> TE | F87: Winda Sokenda | G87: =IFERROR(IFS(F87="Winda Sokenda","Barito Raya",F87="Doni Damara","Palangkaraya"),"") -> Barito Raya | H87: =IFERROR(VLOOKUP(A87,Sheet1!$E$3:$F$27,2,),"") -> Corrective | I87: =IFERROR(VLOOKUP(A87,Sheet1!$E$3:$G$27,3,0),"") -> Perbaikan Auto,pergantian relay,timer, yang berhubungan genset | J87: On Progress | K87: 3698431 | L87: 3698431 | M87: Waiting Update
A88: Support Event | B88: =IFERROR(VLOOKUP(A88,Sheet1!$E$3:$H$27,4,0),"") -> P2 | C88: PLK046 | D88: james jimbris | E88: =IFERROR(VLOOKUP(D88,Sheet1!$B$1:$C$45,2,0),"") -> TE | F88: Doni Damara | G88: =IFERROR(IFS(F88="Winda Sokenda","Barito Raya",F88="Doni Damara","Palangkaraya"),"") -> Palangkaraya | H88: =IFERROR(VLOOKUP(A88,Sheet1!$E$3:$F$27,2,),"") -> Corrective | I88: =IFERROR(VLOOKUP(A88,Sheet1!$E$3:$G$27,3,0),"") -> Support Event | J88: On Progress | K88: 3698431 | L88: 3698431 | M88: Done
A89: Cell down | B89: =IFERROR(VLOOKUP(A89,Sheet1!$E$3:$H$27,4,0),"") -> P1 | C89: PLK247 | D89: Ahmad | E89: =IFERROR(VLOOKUP(D89,Sheet1!$B$1:$C$45,2,0),"") -> TE | F89: Doni Damara | G89: =IFERROR(IFS(F89="Winda Sokenda","Barito Raya",F89="Doni Damara","Palangkaraya"),"") -> Palangkaraya | H89: =IFERROR(VLOOKUP(A89,Sheet1!$E$3:$F$27,2,),"") -> Corrective | I89: =IFERROR(VLOOKUP(A89,Sheet1!$E$3:$G$27,3,0),"") -> Replace Optik,RRU/Soket Power/Replace GPS | J89: On Progress | K89: 3698431 | L89: 3698431 | M89: Pending
A90: Cell down | B90: =IFERROR(VLOOKUP(A90,Sheet1!$E$3:$H$27,4,0),"") -> P1 | C90: PLK247 | D90: Adi Bowo Santoso | E90: =IFERROR(VLOOKUP(D90,Sheet1!$B$1:$C$45,2,0),"") -> TE | F90: Doni Damara | G90: =IFERROR(IFS(F90="Winda Sokenda","Barito Raya",F90="Doni Damara","Palangkaraya"),"") -> Palangkaraya | H90: =IFERROR(VLOOKUP(A90,Sheet1!$E$3:$F$27,2,),"") -> Corrective | I90: =IFERROR(VLOOKUP(A90,Sheet1!$E$3:$G$27,3,0),"") -> Replace Optik,RRU/Soket Power/Replace GPS | J90: On Progress | K90: 3698431 | L90: 3698431 | M90: Pending
A91: Pengecekan battrey | B91: =IFERROR(VLOOKUP(A91,Sheet1!$E$3:$H$27,4,0),"") -> P2 | C91: PPS054 | D91: Yahya Muhamad | E91: =IFERROR(VLOOKUP(D91,Sheet1!$B$1:$C$45,2,0),"") -> TE | F91: Doni Damara | G91: =IFERROR(IFS(F91="Winda Sokenda","Barito Raya",F91="Doni Damara","Palangkaraya"),"") -> Palangkaraya | H91: =IFERROR(VLOOKUP(A91,Sheet1!$E$3:$F$27,2,),"") -> Preventive | I91: =IFERROR(VLOOKUP(A91,Sheet1!$E$3:$G$27,3,0),"") -> Pengukuran dan pengambilan data log serta input Gdoc BBT | J91: On Progress | K91: 3698431 | L91: 3698431 | M91: Pending
A92: Site Down | B92: =IFERROR(VLOOKUP(A92,Sheet1!$E$3:$H$27,4,0),"") -> P1 | C92: PPS007 | D92: Muhamad Rayhan | E92: =IFERROR(VLOOKUP(D92,Sheet1!$B$1:$C$45,2,0),"") -> TE | F92: Doni Damara | G92: =IFERROR(IFS(F92="Winda Sokenda","Barito Raya",F92="Doni Damara","Palangkaraya"),"") -> Palangkaraya | H92: =IFERROR(VLOOKUP(A92,Sheet1!$E$3:$F$27,2,),"") -> Corrective | I92: =IFERROR(VLOOKUP(A92,Sheet1!$E$3:$G$27,3,0),"") -> Pemadaman,MCB Trip,Transmisi problem | J92: On Progress | K92: 3698431 | L92: 3698431 | M92: Pending
A93: Vswr | B93: =IFERROR(VLOOKUP(A93,Sheet1!$E$3:$H$27,4,0),"") -> P1 | C93: KKN006 | D93: Leonard | E93: =IFERROR(VLOOKUP(D93,Sheet1!$B$1:$C$45,2,0),"") -> TE | F93: Doni Damara | G93: =IFERROR(IFS(F93="Winda Sokenda","Barito Raya",F93="Doni Damara","Palangkaraya"),"") -> Palangkaraya | H93: =IFERROR(VLOOKUP(A93,Sheet1!$E$3:$F$27,2,),"") -> Corrective | I93: =IFERROR(VLOOKUP(A93,Sheet1!$E$3:$G$27,3,0),"") -> Replace Jumper,antena/RRU | J93: On Progress | K93: 3698431 | L93: 3698431 | M93: Done
A94: Vswr | B94: =IFERROR(VLOOKUP(A94,Sheet1!$E$3:$H$27,4,0),"") -> P1 | C94: KKN006 | D94: Aulia Rahman | E94: =IFERROR(VLOOKUP(D94,Sheet1!$B$1:$C$45,2,0),"") -> TE | F94: Doni Damara | G94: =IFERROR(IFS(F94="Winda Sokenda","Barito Raya",F94="Doni Damara","Palangkaraya"),"") -> Palangkaraya | H94: =IFERROR(VLOOKUP(A94,Sheet1!$E$3:$F$27,2,),"") -> Corrective | I94: =IFERROR(VLOOKUP(A94,Sheet1!$E$3:$G$27,3,0),"") -> Replace Jumper,antena/RRU | J94: On Progress | K94: 3698431 | L94: 3698431 | M94: Done
A95: Site Down | B95: =IFERROR(VLOOKUP(A95,Sheet1!$E$3:$H$27,4,0),"") -> P1 | C95: KSN765 | D95: Muhammad Mukhlis | E95: =IFERROR(VLOOKUP(D95,Sheet1!$B$1:$C$45,2,0),"") -> TE | F95: Doni Damara | G95: =IFERROR(IFS(F95="Winda Sokenda","Barito Raya",F95="Doni Damara","Palangkaraya"),"") -> Palangkaraya | H95: =IFERROR(VLOOKUP(A95,Sheet1!$E$3:$F$27,2,),"") -> Corrective | I95: =IFERROR(VLOOKUP(A95,Sheet1!$E$3:$G$27,3,0),"") -> Pemadaman,MCB Trip,Transmisi problem | J95: On Progress | K95: 3698431 | L95: 3698431 | M95: Done
A96: Pengecekan battrey | B96: =IFERROR(VLOOKUP(A96,Sheet1!$E$3:$H$27,4,0),"") -> P2 | C96: KSN713 | D96: Muhammad Mukti | E96: =IFERROR(VLOOKUP(D96,Sheet1!$B$1:$C$45,2,0),"") -> TE | F96: Doni Damara | G96: =IFERROR(IFS(F96="Winda Sokenda","Barito Raya",F96="Doni Damara","Palangkaraya"),"") -> Palangkaraya | H96: =IFERROR(VLOOKUP(A96,Sheet1!$E$3:$F$27,2,),"") -> Preventive | I96: =IFERROR(VLOOKUP(A96,Sheet1!$E$3:$G$27,3,0),"") -> Pengukuran dan pengambilan data log serta input Gdoc BBT | J96: On Progress | K96: 3698431 | L96: 3698431 | M96: Pending
A97: PM | B97: =IFERROR(VLOOKUP(A97,Sheet1!$E$3:$H$27,4,0),"") -> P2 | C97: KSN002 | D97: Indra | E97: =IFERROR(VLOOKUP(D97,Sheet1!$B$1:$C$45,2,0),"") -> PM | F97: Doni Damara | G97: =IFERROR(IFS(F97="Winda Sokenda","Barito Raya",F97="Doni Damara","Palangkaraya"),"") -> Palangkaraya | H97: =IFERROR(VLOOKUP(A97,Sheet1!$E$3:$F$27,2,),"") -> Preventive | I97: =IFERROR(VLOOKUP(A97,Sheet1!$E$3:$G$27,3,0),"") -> Preventive Maintenance | J97: On Progress | K97: 3698431 | L97: 3698431 | M97: Done
... A99: PM | B99: =IFERROR(VLOOKUP(A99,Sheet1!$E$3:$H$27,4,0),"") -> P2 | C99: PLK835 | D99: AHMAD ARDIANTO FIRMANSYAH | E99: =IFERROR(VLOOKUP(D99,Sheet1!$B$1:$C$45,2,0),"") -> PM | F99: Doni Damara | G99: =IFERROR(IFS(F99="Winda Sokenda","Barito Raya",F99="Doni Damara","Palangkaraya"),"") -> Palangkaraya | H99: =IFERROR(VLOOKUP(A99,Sheet1!$E$3:$F$27,2,),"") -> Preventive | I99: =IFERROR(VLOOKUP(A99,Sheet1!$E$3:$G$27,3,0),"") -> Preventive Maintenance | J99: On Progress | K99: 3698431 | L99: 3698431 | M99: Done
A100: Standby On Call | B100: =IFERROR(VLOOKUP(A100,Sheet1!$E$3:$H$27,4,0),"") -> P3 | D100: Sarwono | E100: =IFERROR(VLOOKUP(D100,Sheet1!$B$1:$C$45,2,0),"") -> CME | F100: Doni Damara | G100: =IFERROR(IFS(F100="Winda Sokenda","Barito Raya",F100="Doni Damara","Palangkaraya"),"") -> Palangkaraya | H100: =IFERROR(VLOOKUP(A100,Sheet1!$E$3:$F$27,2,),"") -> Standby | I100: =IFERROR(VLOOKUP(A100,Sheet1!$E$3:$G$27,3,0),"") -> Standby On Call | J100: Standby | K100: 3698431 | L100: 3698431 | M100: Waiting Update
A101: Standby On Call | B101: =IFERROR(VLOOKUP(A101,Sheet1!$E$3:$H$27,4,0),"") -> P3 | D101: Purwanto | E101: =IFERROR(VLOOKUP(D101,Sheet1!$B$1:$C$45,2,0),"") -> MBP | F101: Doni Damara | G101: =IFERROR(IFS(F101="Winda Sokenda","Barito Raya",F101="Doni Damara","Palangkaraya"),"") -> Palangkaraya | H101: =IFERROR(VLOOKUP(A101,Sheet1!$E$3:$F$27,2,),"") -> Standby | I101: =IFERROR(VLOOKUP(A101,Sheet1!$E$3:$G$27,3,0),"") -> Standby On Call | J101: Standby | K101: 3698431 | L101: 3698431 | M101: Waiting Update
A102: Standby On Call | B102: =IFERROR(VLOOKUP(A102,Sheet1!$E$3:$H$27,4,0),"") -> P3 | D102: Sairaji | E102: =IFERROR(VLOOKUP(D102,Sheet1!$B$1:$C$45,2,0),"") -> MBP | F102: Doni Damara | G102: =IFERROR(IFS(F102="Winda Sokenda","Barito Raya",F102="Doni Damara","Palangkaraya"),"") -> Palangkaraya | H102: =IFERROR(VLOOKUP(A102,Sheet1!$E$3:$F$27,2,),"") -> Standby | I102: =IFERROR(VLOOKUP(A102,Sheet1!$E$3:$G$27,3,0),"") -> Standby On Call | J102: Standby | K102: 3698431 | L102: 3698431 | M102: Waiting Update
A103: Standby On Call | B103: =IFERROR(VLOOKUP(A103,Sheet1!$E$3:$H$27,4,0),"") -> P3 | D103: Agus muliana pamungkas | E103: =IFERROR(VLOOKUP(D103,Sheet1!$B$1:$C$45,2,0),"") -> MBP | F103: Doni Damara | G103: =IFERROR(IFS(F103="Winda Sokenda","Barito Raya",F103="Doni Damara","Palangkaraya"),"") -> Palangkaraya | H103: =IFERROR(VLOOKUP(A103,Sheet1!$E$3:$F$27,2,),"") -> Standby | I103: =IFERROR(VLOOKUP(A103,Sheet1!$E$3:$G$27,3,0),"") -> Standby On Call | J103: Standby | K103: 3698431 | L103: 3698431 | M103: Waiting Update
...

Sheet Datastudio
A1: =IFERROR(__xludf.DUMMYFUNCTION("IMPORTRANGE(""https://docs.google.com/spreadsheets/d/1_hyXprjSM1g4AdEhPoiMjyaBs29sh04zf_9ON8dHV1g/edit?gid"",""to do list!A3:A1015"")"),"Category Task") -> Category Task | B1: =IFERROR(__xludf.DUMMYFUNCTION("IMPORTRANGE(""https://docs.google.com/spreadsheets/d/1_hyXprjSM1g4AdEhPoiMjyaBs29sh04zf_9ON8dHV1g/edit?gid"",""to do list!B3:B1015"")"),"Prioritas") -> Prioritas | C1: =IFERROR(__xludf.DUMMYFUNCTION("IMPORTRANGE(""https://docs.google.com/spreadsheets/d/1_hyXprjSM1g4AdEhPoiMjyaBs29sh04zf_9ON8dHV1g/edit?gid"",""to do list!C3:C1015"")"),"Site ID") -> Site ID | D1: =IFERROR(__xludf.DUMMYFUNCTION("IMPORTRANGE(""https://docs.google.com/spreadsheets/d/1_hyXprjSM1g4AdEhPoiMjyaBs29sh04zf_9ON8dHV1g/edit?gid"",""to do list!D3:D1015"")"),"FME Name") -> FME Name | E1: =IFERROR(__xludf.DUMMYFUNCTION("IMPORTRANGE(""https://docs.google.com/spreadsheets/d/1_hyXprjSM1g4AdEhPoiMjyaBs29sh04zf_9ON8dHV1g/edit?gid"",""to do list!E3:E1015"")"),"Role") -> Role | F1: =IFERROR(__xludf.DUMMYFUNCTION("IMPORTRANGE(""https://docs.google.com/spreadsheets/d/1_hyXprjSM1g4AdEhPoiMjyaBs29sh04zf_9ON8dHV1g/edit?gid"",""to do list!F3:F1015"")"),"RTS Name") -> RTS Name | G1: =IFERROR(__xludf.DUMMYFUNCTION("IMPORTRANGE(""https://docs.google.com/spreadsheets/d/1_hyXprjSM1g4AdEhPoiMjyaBs29sh04zf_9ON8dHV1g/edit?gid"",""to do list!G3:G1015"")"),"Cluster") -> Cluster | H1: =IFERROR(__xludf.DUMMYFUNCTION("IMPORTRANGE(""https://docs.google.com/spreadsheets/d/1_hyXprjSM1g4AdEhPoiMjyaBs29sh04zf_9ON8dHV1g/edit?gid"",""to do list!H3:H1015"")"),"Category Activity") -> Category Activity | I1: =IFERROR(__xludf.DUMMYFUNCTION("IMPORTRANGE(""https://docs.google.com/spreadsheets/d/1_hyXprjSM1g4AdEhPoiMjyaBs29sh04zf_9ON8dHV1g/edit?gid"",""to do list!I3:I1015"")"),"Detail Activity") -> Detail Activity | J1: =IFERROR(__xludf.DUMMYFUNCTION("IMPORTRANGE(""https://docs.google.com/spreadsheets/d/1_hyXprjSM1g4AdEhPoiMjyaBs29sh04zf_9ON8dHV1g/edit?gid"",""to do list!J3:J1015"")"),"Activity") -> Activity | K1: =IFERROR(__xludf.DUMMYFUNCTION("IMPORTRANGE(""https://docs.google.com/spreadsheets/d/1_hyXprjSM1g4AdEhPoiMjyaBs29sh04zf_9ON8dHV1g/edit?gid"",""to do list!K3:K1015"")"),"Start Date") -> Start Date | L1: =IFERROR(__xludf.DUMMYFUNCTION("IMPORTRANGE(""https://docs.google.com/spreadsheets/d/1_hyXprjSM1g4AdEhPoiMjyaBs29sh04zf_9ON8dHV1g/edit?gid"",""to do list!L3:L1015"")"),"End Date") -> End Date | M1: =IFERROR(__xludf.DUMMYFUNCTION("IMPORTRANGE(""https://docs.google.com/spreadsheets/d/1_hyXprjSM1g4AdEhPoiMjyaBs29sh04zf_9ON8dHV1g/edit?gid"",""to do list!M3:M1015"")"),"Status Task") -> Status Task | N1: =IFERROR(__xludf.DUMMYFUNCTION("IMPORTRANGE(""https://docs.google.com/spreadsheets/d/1_hyXprjSM1g4AdEhPoiMjyaBs29sh04zf_9ON8dHV1g/edit?gid"",""to do list!N3:N1015"")"),"Remark") -> Remark | O1: Long | P1: Lat | Q1: Tanggal
A2: =IFERROR(__xludf.DUMMYFUNCTION("""COMPUTED_VALUE"""),"Standby On Call") -> Standby On Call | B2: =IFERROR(__xludf.DUMMYFUNCTION("""COMPUTED_VALUE"""),"P3") -> P3 | D2: =IFERROR(__xludf.DUMMYFUNCTION("""COMPUTED_VALUE"""),"Putra wardana") -> Putra wardana | E2: =IFERROR(__xludf.DUMMYFUNCTION("""COMPUTED_VALUE"""),"TE") -> TE | F2: =IFERROR(__xludf.DUMMYFUNCTION("""COMPUTED_VALUE"""),"Winda Sokenda") -> Winda Sokenda | G2: =IFERROR(__xludf.DUMMYFUNCTION("""COMPUTED_VALUE"""),"Barito Raya") -> Barito Raya | H2: =IFERROR(__xludf.DUMMYFUNCTION("""COMPUTED_VALUE"""),"Standby") -> Standby | I2: =IFERROR(__xludf.DUMMYFUNCTION("""COMPUTED_VALUE"""),"Standby On Call") -> Standby On Call | J2: =IFERROR(__xludf.DUMMYFUNCTION("""COMPUTED_VALUE"""),"Standby") -> Standby | K2: =IFERROR(__xludf.DUMMYFUNCTION("""COMPUTED_VALUE"""),46315.0) -> 46315 | L2: =IFERROR(__xludf.DUMMYFUNCTION("""COMPUTED_VALUE"""),46315.0) -> 46315 | M2: =IFERROR(__xludf.DUMMYFUNCTION("""COMPUTED_VALUE"""),"Done") -> Done | N2: =IFERROR(__xludf.DUMMYFUNCTION("""COMPUTED_VALUE"""),"Stanby") -> Stanby | O2: 113.38514 | P2: -1.3519 | Q2: =LEFT(K2,2) -> 20
A3: =IFERROR(__xludf.DUMMYFUNCTION("""COMPUTED_VALUE"""),"Pengecekan Power") -> Pengecekan Power | B3: =IFERROR(__xludf.DUMMYFUNCTION("""COMPUTED_VALUE"""),"P1") -> P1 | C3: =IFERROR(__xludf.DUMMYFUNCTION("""COMPUTED_VALUE"""),"NTH149") -> NTH149 | D3: =IFERROR(__xludf.DUMMYFUNCTION("""COMPUTED_VALUE"""),"Sailillah") -> Sailillah | E3: =IFERROR(__xludf.DUMMYFUNCTION("""COMPUTED_VALUE"""),"TE") -> TE | F3: =IFERROR(__xludf.DUMMYFUNCTION("""COMPUTED_VALUE"""),"Winda Sokenda") -> Winda Sokenda | G3: =IFERROR(__xludf.DUMMYFUNCTION("""COMPUTED_VALUE"""),"Barito Raya") -> Barito Raya | H3: =IFERROR(__xludf.DUMMYFUNCTION("""COMPUTED_VALUE"""),"Preventive") -> Preventive | I3: =IFERROR(__xludf.DUMMYFUNCTION("""COMPUTED_VALUE"""),"MCB trip/Power upnormal") -> MCB trip/Power upnormal | J3: =IFERROR(__xludf.DUMMYFUNCTION("""COMPUTED_VALUE"""),"On Progress") -> On Progress | K3: =IFERROR(__xludf.DUMMYFUNCTION("""COMPUTED_VALUE"""),46315.0) -> 46315 | L3: =IFERROR(__xludf.DUMMYFUNCTION("""COMPUTED_VALUE"""),46315.0) -> 46315 | M3: =IFERROR(__xludf.DUMMYFUNCTION("""COMPUTED_VALUE"""),"Done") -> Done | N3: =IFERROR(__xludf.DUMMYFUNCTION("""COMPUTED_VALUE"""),"Isi token & PMS done") -> Isi token & PMS done | O3: =IFERROR(VLOOKUP(C3,Sheet4!A3:F790,6,0),"") -> 11519868 | Q3: =LEFT(K3,2) -> 20
A4: =IFERROR(__xludf.DUMMYFUNCTION("""COMPUTED_VALUE"""),"Sick") -> Sick | B4: =IFERROR(__xludf.DUMMYFUNCTION("""COMPUTED_VALUE"""),"P3") -> P3 | D4: =IFERROR(__xludf.DUMMYFUNCTION("""COMPUTED_VALUE"""),"Tiviansyah") -> Tiviansyah | E4: =IFERROR(__xludf.DUMMYFUNCTION("""COMPUTED_VALUE"""),"TE") -> TE | F4: =IFERROR(__xludf.DUMMYFUNCTION("""COMPUTED_VALUE"""),"Winda Sokenda") -> Winda Sokenda | G4: =IFERROR(__xludf.DUMMYFUNCTION("""COMPUTED_VALUE"""),"Barito Raya") -> Barito Raya | H4: =IFERROR(__xludf.DUMMYFUNCTION("""COMPUTED_VALUE"""),"Sick") -> Sick | I4: =IFERROR(__xludf.DUMMYFUNCTION("""COMPUTED_VALUE"""),"Sick") -> Sick | J4: =IFERROR(__xludf.DUMMYFUNCTION("""COMPUTED_VALUE"""),"Standby") -> Standby | K4: =IFERROR(__xludf.DUMMYFUNCTION("""COMPUTED_VALUE"""),46315.0) -> 46315 | L4: =IFERROR(__xludf.DUMMYFUNCTION("""COMPUTED_VALUE"""),46315.0) -> 46315 | M4: =IFERROR(__xludf.DUMMYFUNCTION("""COMPUTED_VALUE"""),"Done") -> Done | N4: =IFERROR(__xludf.DUMMYFUNCTION("""COMPUTED_VALUE"""),"Izin sakit") -> Izin sakit | O4: =IFERROR(VLOOKUP(C4,Sheet4!A4:F791,6,0),"") | Q4: =LEFT(K4,2) -> 20
A5: =IFERROR(__xludf.DUMMYFUNCTION("""COMPUTED_VALUE"""),"Site Down") -> Site Down | B5: =IFERROR(__xludf.DUMMYFUNCTION("""COMPUTED_VALUE"""),"P1") -> P1 | C5: =IFERROR(__xludf.DUMMYFUNCTION("""COMPUTED_VALUE"""),"COH937") -> COH937 | D5: =IFERROR(__xludf.DUMMYFUNCTION("""COMPUTED_VALUE"""),"munawir akhmad") -> munawir akhmad | E5: =IFERROR(__xludf.DUMMYFUNCTION("""COMPUTED_VALUE"""),"TE") -> TE | F5: =IFERROR(__xludf.DUMMYFUNCTION("""COMPUTED_VALUE"""),"Winda Sokenda") -> Winda Sokenda | G5: =IFERROR(__xludf.DUMMYFUNCTION("""COMPUTED_VALUE"""),"Barito Raya") -> Barito Raya | H5: =IFERROR(__xludf.DUMMYFUNCTION("""COMPUTED_VALUE"""),"Corrective") -> Corrective | I5: =IFERROR(__xludf.DUMMYFUNCTION("""COMPUTED_VALUE"""),"Pemadaman,MCB Trip,Transmisi problem") -> Pemadaman,MCB Trip,Transmisi problem | J5: =IFERROR(__xludf.DUMMYFUNCTION("""COMPUTED_VALUE"""),"On Progress") -> On Progress | K5: =IFERROR(__xludf.DUMMYFUNCTION("""COMPUTED_VALUE"""),46315.0) -> 46315 | L5: =IFERROR(__xludf.DUMMYFUNCTION("""COMPUTED_VALUE"""),46315.0) -> 46315 | M5: =IFERROR(__xludf.DUMMYFUNCTION("""COMPUTED_VALUE"""),"Done") -> Done | N5: =IFERROR(__xludf.DUMMYFUNCTION("""COMPUTED_VALUE"""),"PLN off, kawal team telkom MTW248") -> PLN off, kawal team telkom MTW248 | O5: =IFERROR(VLOOKUP(C5,Sheet4!A5:F792,6,0),"") -> 11490638 | Q5: =LEFT(K5,2) -> 20
A6: =IFERROR(__xludf.DUMMYFUNCTION("""COMPUTED_VALUE"""),"Site Down") -> Site Down | B6: =IFERROR(__xludf.DUMMYFUNCTION("""COMPUTED_VALUE"""),"P1") -> P1 | C6: =IFERROR(__xludf.DUMMYFUNCTION("""COMPUTED_VALUE"""),"PRC038") -> PRC038 | D6: =IFERROR(__xludf.DUMMYFUNCTION("""COMPUTED_VALUE"""),"Murjani") -> Murjani | E6: =IFERROR(__xludf.DUMMYFUNCTION("""COMPUTED_VALUE"""),"TE") -> TE | F6: =IFERROR(__xludf.DUMMYFUNCTION("""COMPUTED_VALUE"""),"Winda Sokenda") -> Winda Sokenda | G6: =IFERROR(__xludf.DUMMYFUNCTION("""COMPUTED_VALUE"""),"Barito Raya") -> Barito Raya | H6: =IFERROR(__xludf.DUMMYFUNCTION("""COMPUTED_VALUE"""),"Corrective") -> Corrective | I6: =IFERROR(__xludf.DUMMYFUNCTION("""COMPUTED_VALUE"""),"Pemadaman,MCB Trip,Transmisi problem") -> Pemadaman,MCB Trip,Transmisi problem | J6: =IFERROR(__xludf.DUMMYFUNCTION("""COMPUTED_VALUE"""),"On Progress") -> On Progress | K6: =IFERROR(__xludf.DUMMYFUNCTION("""COMPUTED_VALUE"""),46315.0) -> 46315 | L6: =IFERROR(__xludf.DUMMYFUNCTION("""COMPUTED_VALUE"""),46315.0) -> 46315 | M6: =IFERROR(__xludf.DUMMYFUNCTION("""COMPUTED_VALUE"""),"Done") -> Done | N6: =IFERROR(__xludf.DUMMYFUNCTION("""COMPUTED_VALUE"""),"Replace RRU") -> Replace RRU | O6: =IFERROR(VLOOKUP(C6,Sheet4!A6:F793,6,0),"") -> 1145281 | Q6: =LEFT(K6,2) -> 20
A7: =IFERROR(__xludf.DUMMYFUNCTION("""COMPUTED_VALUE"""),"Tshoot Genset") -> Tshoot Genset | B7: =IFERROR(__xludf.DUMMYFUNCTION("""COMPUTED_VALUE"""),"P1") -> P1 | C7: =IFERROR(__xludf.DUMMYFUNCTION("""COMPUTED_VALUE"""),"KKP305") -> KKP305 | D7: =IFERROR(__xludf.DUMMYFUNCTION("""COMPUTED_VALUE"""),"Reynaldy Ricardo Putra") -> Reynaldy Ricardo Putra | E7: =IFERROR(__xludf.DUMMYFUNCTION("""COMPUTED_VALUE"""),"TE") -> TE | F7: =IFERROR(__xludf.DUMMYFUNCTION("""COMPUTED_VALUE"""),"Winda Sokenda") -> Winda Sokenda | G7: =IFERROR(__xludf.DUMMYFUNCTION("""COMPUTED_VALUE"""),"Barito Raya") -> Barito Raya | H7: =IFERROR(__xludf.DUMMYFUNCTION("""COMPUTED_VALUE"""),"Corrective") -> Corrective | I7: =IFERROR(__xludf.DUMMYFUNCTION("""COMPUTED_VALUE"""),"Perbaikan Auto,pergantian relay,timer, yang berhubungan genset") -> Perbaikan Auto,pergantian relay,timer, yang berhubungan genset | J7: =IFERROR(__xludf.DUMMYFUNCTION("""COMPUTED_VALUE"""),"On Progress") -> On Progress | K7: =IFERROR(__xludf.DUMMYFUNCTION("""COMPUTED_VALUE"""),46315.0) -> 46315 | L7: =IFERROR(__xludf.DUMMYFUNCTION("""COMPUTED_VALUE"""),46315.0) -> 46315 | M7: =IFERROR(__xludf.DUMMYFUNCTION("""COMPUTED_VALUE"""),"Done") -> Done | N7: =IFERROR(__xludf.DUMMYFUNCTION("""COMPUTED_VALUE"""),"geser KKP124 ts cell down") -> geser KKP124 ts cell down | O7: =IFERROR(VLOOKUP(C7,Sheet4!A7:F794,6,0),"") -> 11440769 | Q7: =LEFT(K7,2) -> 20
A8: =IFERROR(__xludf.DUMMYFUNCTION("""COMPUTED_VALUE"""),"Cell down") -> Cell down | B8: =IFERROR(__xludf.DUMMYFUNCTION("""COMPUTED_VALUE"""),"P1") -> P1 | C8: =IFERROR(__xludf.DUMMYFUNCTION("""COMPUTED_VALUE"""),"KKP117") -> KKP117 | D8: =IFERROR(__xludf.DUMMYFUNCTION("""COMPUTED_VALUE"""),"Sahrul Saputra") -> Sahrul Saputra | E8: =IFERROR(__xludf.DUMMYFUNCTION("""COMPUTED_VALUE"""),"TE") -> TE | F8: =IFERROR(__xludf.DUMMYFUNCTION("""COMPUTED_VALUE"""),"Winda Sokenda") -> Winda Sokenda | G8: =IFERROR(__xludf.DUMMYFUNCTION("""COMPUTED_VALUE"""),"Barito Raya") -> Barito Raya | H8: =IFERROR(__xludf.DUMMYFUNCTION("""COMPUTED_VALUE"""),"Corrective") -> Corrective | I8: =IFERROR(__xludf.DUMMYFUNCTION("""COMPUTED_VALUE"""),"Replace Optik,RRU/Soket Power/Replace GPS") -> Replace Optik,RRU/Soket Power/Replace GPS | J8: =IFERROR(__xludf.DUMMYFUNCTION("""COMPUTED_VALUE"""),"On Progress") -> On Progress | K8: =IFERROR(__xludf.DUMMYFUNCTION("""COMPUTED_VALUE"""),46315.0) -> 46315 | L8: =IFERROR(__xludf.DUMMYFUNCTION("""COMPUTED_VALUE"""),46315.0) -> 46315 | M8: =IFERROR(__xludf.DUMMYFUNCTION("""COMPUTED_VALUE"""),"Pending") -> Pending | N8: =IFERROR(__xludf.DUMMYFUNCTION("""COMPUTED_VALUE"""),"Lanjut Besok, kondisi hujan d jalan") -> Lanjut Besok, kondisi hujan d jalan | O8: =IFERROR(VLOOKUP(C8,Sheet4!A8:F795,6,0),"") -> 11448663 | Q8: =LEFT(K8,2) -> 20
A9: =IFERROR(__xludf.DUMMYFUNCTION("""COMPUTED_VALUE"""),"Pengecekan Power") -> Pengecekan Power | B9: =IFERROR(__xludf.DUMMYFUNCTION("""COMPUTED_VALUE"""),"P1") -> P1 | C9: =IFERROR(__xludf.DUMMYFUNCTION("""COMPUTED_VALUE"""),"PRC225 (backup)") -> PRC225 (backup) | D9: =IFERROR(__xludf.DUMMYFUNCTION("""COMPUTED_VALUE"""),"Ahmad Muzakir") -> Ahmad Muzakir | E9: =IFERROR(__xludf.DUMMYFUNCTION("""COMPUTED_VALUE"""),"MBP") -> MBP | F9: =IFERROR(__xludf.DUMMYFUNCTION("""COMPUTED_VALUE"""),"Winda Sokenda") -> Winda Sokenda | G9: =IFERROR(__xludf.DUMMYFUNCTION("""COMPUTED_VALUE"""),"Barito Raya") -> Barito Raya | H9: =IFERROR(__xludf.DUMMYFUNCTION("""COMPUTED_VALUE"""),"Preventive") -> Preventive | I9: =IFERROR(__xludf.DUMMYFUNCTION("""COMPUTED_VALUE"""),"MCB trip/Power upnormal") -> MCB trip/Power upnormal | J9: =IFERROR(__xludf.DUMMYFUNCTION("""COMPUTED_VALUE"""),"On Progress") -> On Progress | K9: =IFERROR(__xludf.DUMMYFUNCTION("""COMPUTED_VALUE"""),46315.0) -> 46315 | L9: =IFERROR(__xludf.DUMMYFUNCTION("""COMPUTED_VALUE"""),46315.0) -> 46315 | M9: =IFERROR(__xludf.DUMMYFUNCTION("""COMPUTED_VALUE"""),"Done") -> Done | N9: =IFERROR(__xludf.DUMMYFUNCTION("""COMPUTED_VALUE"""),"Backup PRC225") -> Backup PRC225 | O9: =IFERROR(VLOOKUP(C9,Sheet4!A9:F796,6,0),"") | Q9: =LEFT(K9,2) -> 20
A10: =IFERROR(__xludf.DUMMYFUNCTION("""COMPUTED_VALUE"""),"Pengecekan Power") -> Pengecekan Power | B10: =IFERROR(__xludf.DUMMYFUNCTION("""COMPUTED_VALUE"""),"P1") -> P1 | C10: =IFERROR(__xludf.DUMMYFUNCTION("""COMPUTED_VALUE"""),"TML005 (Backup)") -> TML005 (Backup) | D10: =IFERROR(__xludf.DUMMYFUNCTION("""COMPUTED_VALUE"""),"Harun Nurasyid") -> Harun Nurasyid | E10: =IFERROR(__xludf.DUMMYFUNCTION("""COMPUTED_VALUE"""),"CME") -> CME | F10: =IFERROR(__xludf.DUMMYFUNCTION("""COMPUTED_VALUE"""),"Winda Sokenda") -> Winda Sokenda | G10: =IFERROR(__xludf.DUMMYFUNCTION("""COMPUTED_VALUE"""),"Barito Raya") -> Barito Raya | H10: =IFERROR(__xludf.DUMMYFUNCTION("""COMPUTED_VALUE"""),"Preventive") -> Preventive | I10: =IFERROR(__xludf.DUMMYFUNCTION("""COMPUTED_VALUE"""),"MCB trip/Power upnormal") -> MCB trip/Power upnormal | J10: =IFERROR(__xludf.DUMMYFUNCTION("""COMPUTED_VALUE"""),"On Progress") -> On Progress | K10: =IFERROR(__xludf.DUMMYFUNCTION("""COMPUTED_VALUE"""),46315.0) -> 46315 | L10: =IFERROR(__xludf.DUMMYFUNCTION("""COMPUTED_VALUE"""),46315.0) -> 46315 | M10: =IFERROR(__xludf.DUMMYFUNCTION("""COMPUTED_VALUE"""),"Done") -> Done | N10: =IFERROR(__xludf.DUMMYFUNCTION("""COMPUTED_VALUE"""),"Standbay Pemadaman") -> Standbay Pemadaman | O10: =IFERROR(VLOOKUP(C10,Sheet4!A10:F797,6,0),"") | Q10: =LEFT(K10,2) -> 20
A11: =IFERROR(__xludf.DUMMYFUNCTION("""COMPUTED_VALUE"""),"Pengecekan Power") -> Pengecekan Power | B11: =IFERROR(__xludf.DUMMYFUNCTION("""COMPUTED_VALUE"""),"P1") -> P1 | C11: =IFERROR(__xludf.DUMMYFUNCTION("""COMPUTED_VALUE"""),"KKP072 (backup)") -> KKP072 (backup) | D11: =IFERROR(__xludf.DUMMYFUNCTION("""COMPUTED_VALUE"""),"Nurhayat") -> Nurhayat | E11: =IFERROR(__xludf.DUMMYFUNCTION("""COMPUTED_VALUE"""),"MBP") -> MBP | F11: =IFERROR(__xludf.DUMMYFUNCTION("""COMPUTED_VALUE"""),"Winda Sokenda") -> Winda Sokenda | G11: =IFERROR(__xludf.DUMMYFUNCTION("""COMPUTED_VALUE"""),"Barito Raya") -> Barito Raya | H11: =IFERROR(__xludf.DUMMYFUNCTION("""COMPUTED_VALUE"""),"Preventive") -> Preventive | I11: =IFERROR(__xludf.DUMMYFUNCTION("""COMPUTED_VALUE"""),"MCB trip/Power upnormal") -> MCB trip/Power upnormal | J11: =IFERROR(__xludf.DUMMYFUNCTION("""COMPUTED_VALUE"""),"On Progress") -> On Progress | K11: =IFERROR(__xludf.DUMMYFUNCTION("""COMPUTED_VALUE"""),46315.0) -> 46315 | L11: =IFERROR(__xludf.DUMMYFUNCTION("""COMPUTED_VALUE"""),46315.0) -> 46315 | M11: =IFERROR(__xludf.DUMMYFUNCTION("""COMPUTED_VALUE"""),"Done") -> Done | N11: =IFERROR(__xludf.DUMMYFUNCTION("""COMPUTED_VALUE"""),"Standbay Pemadaman") -> Standbay Pemadaman | O11: =IFERROR(VLOOKUP(C11,Sheet4!A11:F798,6,0),"") | Q11: =LEFT(K11,2) -> 20
A12: =IFERROR(__xludf.DUMMYFUNCTION("""COMPUTED_VALUE"""),"Tshoot Genset") -> Tshoot Genset | B12: =IFERROR(__xludf.DUMMYFUNCTION("""COMPUTED_VALUE"""),"P1") -> P1 | C12: =IFERROR(__xludf.DUMMYFUNCTION("""COMPUTED_VALUE"""),"KKP305") -> KKP305 | D12: =IFERROR(__xludf.DUMMYFUNCTION("""COMPUTED_VALUE"""),"Pujianto") -> Pujianto | E12: =IFERROR(__xludf.DUMMYFUNCTION("""COMPUTED_VALUE"""),"MBP") -> MBP | F12: =IFERROR(__xludf.DUMMYFUNCTION("""COMPUTED_VALUE"""),"Winda Sokenda") -> Winda Sokenda | G12: =IFERROR(__xludf.DUMMYFUNCTION("""COMPUTED_VALUE"""),"Barito Raya") -> Barito Raya | H12: =IFERROR(__xludf.DUMMYFUNCTION("""COMPUTED_VALUE"""),"Corrective") -> Corrective | I12: =IFERROR(__xludf.DUMMYFUNCTION("""COMPUTED_VALUE"""),"Perbaikan Auto,pergantian relay,timer, yang berhubungan genset") -> Perbaikan Auto,pergantian relay,timer, yang berhubungan genset | J12: =IFERROR(__xludf.DUMMYFUNCTION("""COMPUTED_VALUE"""),"On Progress") -> On Progress | K12: =IFERROR(__xludf.DUMMYFUNCTION("""COMPUTED_VALUE"""),46315.0) -> 46315 | L12: =IFERROR(__xludf.DUMMYFUNCTION("""COMPUTED_VALUE"""),46315.0) -> 46315 | M12: =IFERROR(__xludf.DUMMYFUNCTION("""COMPUTED_VALUE"""),"Done") -> Done | N12: =IFERROR(__xludf.DUMMYFUNCTION("""COMPUTED_VALUE"""),"Backup KKP093") -> Backup KKP093 | O12: =IFERROR(VLOOKUP(C12,Sheet4!A12:F799,6,0),"") -> 11440769 | Q12: =LEFT(K12,2) -> 20
A13: =IFERROR(__xludf.DUMMYFUNCTION("""COMPUTED_VALUE"""),"Pengecekan Power") -> Pengecekan Power | B13: =IFERROR(__xludf.DUMMYFUNCTION("""COMPUTED_VALUE"""),"P1") -> P1 | C13: =IFERROR(__xludf.DUMMYFUNCTION("""COMPUTED_VALUE"""),"KKP065 (Backup)") -> KKP065 (Backup) | D13: =IFERROR(__xludf.DUMMYFUNCTION("""COMPUTED_VALUE"""),"Alfi Syahri") -> Alfi Syahri | E13: =IFERROR(__xludf.DUMMYFUNCTION("""COMPUTED_VALUE"""),"CME") -> CME | F13: =IFERROR(__xludf.DUMMYFUNCTION("""COMPUTED_VALUE"""),"Winda Sokenda") -> Winda Sokenda | G13: =IFERROR(__xludf.DUMMYFUNCTION("""COMPUTED_VALUE"""),"Barito Raya") -> Barito Raya | H13: =IFERROR(__xludf.DUMMYFUNCTION("""COMPUTED_VALUE"""),"Preventive") -> Preventive | I13: =IFERROR(__xludf.DUMMYFUNCTION("""COMPUTED_VALUE"""),"MCB trip/Power upnormal") -> MCB trip/Power upnormal | J13: =IFERROR(__xludf.DUMMYFUNCTION("""COMPUTED_VALUE"""),"On Progress") -> On Progress | K13: =IFERROR(__xludf.DUMMYFUNCTION("""COMPUTED_VALUE"""),46315.0) -> 46315 | L13: =IFERROR(__xludf.DUMMYFUNCTION("""COMPUTED_VALUE"""),46315.0) -> 46315 | M13: =IFERROR(__xludf.DUMMYFUNCTION("""COMPUTED_VALUE"""),"Done") -> Done | N13: =IFERROR(__xludf.DUMMYFUNCTION("""COMPUTED_VALUE"""),"Standbay Pemadaman") -> Standbay Pemadaman | O13: =IFERROR(VLOOKUP(C13,Sheet4!A13:F800,6,0),"") | Q13: =LEFT(K13,2) -> 20
A14: =IFERROR(__xludf.DUMMYFUNCTION("""COMPUTED_VALUE"""),"Pengecekan Power") -> Pengecekan Power | B14: =IFERROR(__xludf.DUMMYFUNCTION("""COMPUTED_VALUE"""),"P1") -> P1 | C14: =IFERROR(__xludf.DUMMYFUNCTION("""COMPUTED_VALUE"""),"MTW004 (Backup)") -> MTW004 (Backup) | D14: =IFERROR(__xludf.DUMMYFUNCTION("""COMPUTED_VALUE"""),"Taklim") -> Taklim | E14: =IFERROR(__xludf.DUMMYFUNCTION("""COMPUTED_VALUE"""),"MBP") -> MBP | F14: =IFERROR(__xludf.DUMMYFUNCTION("""COMPUTED_VALUE"""),"Winda Sokenda") -> Winda Sokenda | G14: =IFERROR(__xludf.DUMMYFUNCTION("""COMPUTED_VALUE"""),"Barito Raya") -> Barito Raya | H14: =IFERROR(__xludf.DUMMYFUNCTION("""COMPUTED_VALUE"""),"Preventive") -> Preventive | I14: =IFERROR(__xludf.DUMMYFUNCTION("""COMPUTED_VALUE"""),"MCB trip/Power upnormal") -> MCB trip/Power upnormal | J14: =IFERROR(__xludf.DUMMYFUNCTION("""COMPUTED_VALUE"""),"On Progress") -> On Progress | K14: =IFERROR(__xludf.DUMMYFUNCTION("""COMPUTED_VALUE"""),46315.0) -> 46315 | L14: =IFERROR(__xludf.DUMMYFUNCTION("""COMPUTED_VALUE"""),46315.0) -> 46315 | M14: =IFERROR(__xludf.DUMMYFUNCTION("""COMPUTED_VALUE"""),"Done") -> Done | N14: =IFERROR(__xludf.DUMMYFUNCTION("""COMPUTED_VALUE"""),"Backup MTW004") -> Backup MTW004 | O14: =IFERROR(VLOOKUP(C14,Sheet4!A14:F801,6,0),"") | Q14: =LEFT(K14,2) -> 20
A15: =IFERROR(__xludf.DUMMYFUNCTION("""COMPUTED_VALUE"""),"Standby On Call") -> Standby On Call | B15: =IFERROR(__xludf.DUMMYFUNCTION("""COMPUTED_VALUE"""),"P3") -> P3 | D15: =IFERROR(__xludf.DUMMYFUNCTION("""COMPUTED_VALUE"""),"Riko setiadi") -> Riko setiadi | E15: =IFERROR(__xludf.DUMMYFUNCTION("""COMPUTED_VALUE"""),"PM") -> PM | F15: =IFERROR(__xludf.DUMMYFUNCTION("""COMPUTED_VALUE"""),"Winda Sokenda") -> Winda Sokenda | G15: =IFERROR(__xludf.DUMMYFUNCTION("""COMPUTED_VALUE"""),"Barito Raya") -> Barito Raya | H15: =IFERROR(__xludf.DUMMYFUNCTION("""COMPUTED_VALUE"""),"Standby") -> Standby | I15: =IFERROR(__xludf.DUMMYFUNCTION("""COMPUTED_VALUE"""),"Standby On Call") -> Standby On Call | J15: =IFERROR(__xludf.DUMMYFUNCTION("""COMPUTED_VALUE"""),"On Progress") -> On Progress | K15: =IFERROR(__xludf.DUMMYFUNCTION("""COMPUTED_VALUE"""),46315.0) -> 46315 | L15: =IFERROR(__xludf.DUMMYFUNCTION("""COMPUTED_VALUE"""),46315.0) -> 46315 | M15: =IFERROR(__xludf.DUMMYFUNCTION("""COMPUTED_VALUE"""),"Done") -> Done | N15: =IFERROR(__xludf.DUMMYFUNCTION("""COMPUTED_VALUE"""),"Kawal pengisian BBM & cek genset ") -> Kawal pengisian BBM & cek genset | O15: =IFERROR(VLOOKUP(C15,Sheet4!A15:F802,6,0),"") | Q15: =LEFT(K15,2) -> 20
A16: =IFERROR(__xludf.DUMMYFUNCTION("""COMPUTED_VALUE"""),"PM") -> PM | B16: =IFERROR(__xludf.DUMMYFUNCTION("""COMPUTED_VALUE"""),"P2") -> P2 | C16: =IFERROR(__xludf.DUMMYFUNCTION("""COMPUTED_VALUE"""),"KKP007") -> KKP007 | D16: =IFERROR(__xludf.DUMMYFUNCTION("""COMPUTED_VALUE"""),"Khilal dawai katiri") -> Khilal dawai katiri | E16: =IFERROR(__xludf.DUMMYFUNCTION("""COMPUTED_VALUE"""),"MBP") -> MBP | F16: =IFERROR(__xludf.DUMMYFUNCTION("""COMPUTED_VALUE"""),"Winda Sokenda") -> Winda Sokenda | G16: =IFERROR(__xludf.DUMMYFUNCTION("""COMPUTED_VALUE"""),"Barito Raya") -> Barito Raya | H16: =IFERROR(__xludf.DUMMYFUNCTION("""COMPUTED_VALUE"""),"Preventive") -> Preventive | I16: =IFERROR(__xludf.DUMMYFUNCTION("""COMPUTED_VALUE"""),"Preventive Maintenance") -> Preventive Maintenance | J16: =IFERROR(__xludf.DUMMYFUNCTION("""COMPUTED_VALUE"""),"On Progress") -> On Progress | K16: =IFERROR(__xludf.DUMMYFUNCTION("""COMPUTED_VALUE"""),46315.0) -> 46315 | L16: =IFERROR(__xludf.DUMMYFUNCTION("""COMPUTED_VALUE"""),46315.0) -> 46315 | M16: =IFERROR(__xludf.DUMMYFUNCTION("""COMPUTED_VALUE"""),"Pending") -> Pending | N16: =IFERROR(__xludf.DUMMYFUNCTION("""COMPUTED_VALUE"""),"PMS") -> PMS | O16: =IFERROR(VLOOKUP(C16,Sheet4!A16:F803,6,0),"") -> 11447972 | Q16: =LEFT(K16,2) -> 20
A17: =IFERROR(__xludf.DUMMYFUNCTION("""COMPUTED_VALUE"""),"PM") -> PM | B17: =IFERROR(__xludf.DUMMYFUNCTION("""COMPUTED_VALUE"""),"P2") -> P2 | C17: =IFERROR(__xludf.DUMMYFUNCTION("""COMPUTED_VALUE"""),"PRC008") -> PRC008 | D17: =IFERROR(__xludf.DUMMYFUNCTION("""COMPUTED_VALUE"""),"Riko setiadi") -> Riko setiadi | E17: =IFERROR(__xludf.DUMMYFUNCTION("""COMPUTED_VALUE"""),"PM") -> PM | F17: =IFERROR(__xludf.DUMMYFUNCTION("""COMPUTED_VALUE"""),"Winda Sokenda") -> Winda Sokenda | G17: =IFERROR(__xludf.DUMMYFUNCTION("""COMPUTED_VALUE"""),"Barito Raya") -> Barito Raya | H17: =IFERROR(__xludf.DUMMYFUNCTION("""COMPUTED_VALUE"""),"Preventive") -> Preventive | I17: =IFERROR(__xludf.DUMMYFUNCTION("""COMPUTED_VALUE"""),"Preventive Maintenance") -> Preventive Maintenance | J17: =IFERROR(__xludf.DUMMYFUNCTION("""COMPUTED_VALUE"""),"On Progress") -> On Progress | K17: =IFERROR(__xludf.DUMMYFUNCTION("""COMPUTED_VALUE"""),46315.0) -> 46315 | L17: =IFERROR(__xludf.DUMMYFUNCTION("""COMPUTED_VALUE"""),46315.0) -> 46315 | M17: =IFERROR(__xludf.DUMMYFUNCTION("""COMPUTED_VALUE"""),"Waiting Update") -> Waiting Update | N17: =IFERROR(__xludf.DUMMYFUNCTION("""COMPUTED_VALUE"""),"PMG") -> PMG | O17: =IFERROR(VLOOKUP(C17,Sheet4!A17:F804,6,0),"") -> 11473414 | Q17: =LEFT(K17,2) -> 20
A18: =IFERROR(__xludf.DUMMYFUNCTION("""COMPUTED_VALUE"""),"Cell down") -> Cell down | B18: =IFERROR(__xludf.DUMMYFUNCTION("""COMPUTED_VALUE"""),"P1") -> P1 | C18: =IFERROR(__xludf.DUMMYFUNCTION("""COMPUTED_VALUE"""),"BNT006") -> BNT006 | D18: =IFERROR(__xludf.DUMMYFUNCTION("""COMPUTED_VALUE"""),"Putra wardana") -> Putra wardana | E18: =IFERROR(__xludf.DUMMYFUNCTION("""COMPUTED_VALUE"""),"TE") -> TE | F18: =IFERROR(__xludf.DUMMYFUNCTION("""COMPUTED_VALUE"""),"Winda Sokenda") -> Winda Sokenda | G18: =IFERROR(__xludf.DUMMYFUNCTION("""COMPUTED_VALUE"""),"Barito Raya") -> Barito Raya | H18: =IFERROR(__xludf.DUMMYFUNCTION("""COMPUTED_VALUE"""),"Corrective") -> Corrective | I18: =IFERROR(__xludf.DUMMYFUNCTION("""COMPUTED_VALUE"""),"Replace Optik,RRU/Soket Power/Replace GPS") -> Replace Optik,RRU/Soket Power/Replace GPS | J18: =IFERROR(__xludf.DUMMYFUNCTION("""COMPUTED_VALUE"""),"On Progress") -> On Progress | K18: =IFERROR(__xludf.DUMMYFUNCTION("""COMPUTED_VALUE"""),46310.0) -> 46310 | L18: =IFERROR(__xludf.DUMMYFUNCTION("""COMPUTED_VALUE"""),46310.0) -> 46310 | M18: =IFERROR(__xludf.DUMMYFUNCTION("""COMPUTED_VALUE"""),"Waiting Update") -> Waiting Update | N18: =IFERROR(__xludf.DUMMYFUNCTION("""COMPUTED_VALUE"""),"Replace RRU monitoring asap") -> Replace RRU monitoring asap | O18: =IFERROR(VLOOKUP(C18,Sheet4!A18:F805,6,0),"") -> 11505932 | Q18: =LEFT(K18,2) -> 15
A19: =IFERROR(__xludf.DUMMYFUNCTION("""COMPUTED_VALUE"""),"PM") -> PM | B19: =IFERROR(__xludf.DUMMYFUNCTION("""COMPUTED_VALUE"""),"P2") -> P2 | C19: =IFERROR(__xludf.DUMMYFUNCTION("""COMPUTED_VALUE"""),"AMT003") -> AMT003 | D19: =IFERROR(__xludf.DUMMYFUNCTION("""COMPUTED_VALUE"""),"Sailillah") -> Sailillah | E19: =IFERROR(__xludf.DUMMYFUNCTION("""COMPUTED_VALUE"""),"TE") -> TE | F19: =IFERROR(__xludf.DUMMYFUNCTION("""COMPUTED_VALUE"""),"Winda Sokenda") -> Winda Sokenda | G19: =IFERROR(__xludf.DUMMYFUNCTION("""COMPUTED_VALUE"""),"Barito Raya") -> Barito Raya | H19: =IFERROR(__xludf.DUMMYFUNCTION("""COMPUTED_VALUE"""),"Preventive") -> Preventive | I19: =IFERROR(__xludf.DUMMYFUNCTION("""COMPUTED_VALUE"""),"Preventive Maintenance") -> Preventive Maintenance | J19: =IFERROR(__xludf.DUMMYFUNCTION("""COMPUTED_VALUE"""),"On Progress") -> On Progress | K19: =IFERROR(__xludf.DUMMYFUNCTION("""COMPUTED_VALUE"""),46310.0) -> 46310 | L19: =IFERROR(__xludf.DUMMYFUNCTION("""COMPUTED_VALUE"""),46310.0) -> 46310 | M19: =IFERROR(__xludf.DUMMYFUNCTION("""COMPUTED_VALUE"""),"Waiting Update") -> Waiting Update | N19: =IFERROR(__xludf.DUMMYFUNCTION("""COMPUTED_VALUE"""),"PMG, waiting ops akses susur sungai") -> PMG, waiting ops akses susur sungai | O19: =IFERROR(VLOOKUP(C19,Sheet4!A19:F806,6,0),"") -> 11491403 | Q19: =LEFT(K19,2) -> 15
A20: =IFERROR(__xludf.DUMMYFUNCTION("""COMPUTED_VALUE"""),"Pengecekan battrey") -> Pengecekan battrey | B20: =IFERROR(__xludf.DUMMYFUNCTION("""COMPUTED_VALUE"""),"P2") -> P2 | C20: =IFERROR(__xludf.DUMMYFUNCTION("""COMPUTED_VALUE"""),"BNT006") -> BNT006 | D20: =IFERROR(__xludf.DUMMYFUNCTION("""COMPUTED_VALUE"""),"Tiviansyah") -> Tiviansyah | E20: =IFERROR(__xludf.DUMMYFUNCTION("""COMPUTED_VALUE"""),"TE") -> TE | F20: =IFERROR(__xludf.DUMMYFUNCTION("""COMPUTED_VALUE"""),"Winda Sokenda") -> Winda Sokenda | G20: =IFERROR(__xludf.DUMMYFUNCTION("""COMPUTED_VALUE"""),"Barito Raya") -> Barito Raya | H20: =IFERROR(__xludf.DUMMYFUNCTION("""COMPUTED_VALUE"""),"Preventive") -> Preventive | I20: =IFERROR(__xludf.DUMMYFUNCTION("""COMPUTED_VALUE"""),"Pengukuran dan pengambilan data log serta input Gdoc BBT") -> Pengukuran dan pengambilan data log serta input Gdoc BBT | J20: =IFERROR(__xludf.DUMMYFUNCTION("""COMPUTED_VALUE"""),"On Progress") -> On Progress | K20: =IFERROR(__xludf.DUMMYFUNCTION("""COMPUTED_VALUE"""),46310.0) -> 46310 | L20: =IFERROR(__xludf.DUMMYFUNCTION("""COMPUTED_VALUE"""),46310.0) -> 46310 | M20: =IFERROR(__xludf.DUMMYFUNCTION("""COMPUTED_VALUE"""),"Waiting Update") -> Waiting Update | N20: =IFERROR(__xludf.DUMMYFUNCTION("""COMPUTED_VALUE"""),"Replace RRU monitoring asap") -> Replace RRU monitoring asap | O20: =IFERROR(VLOOKUP(C20,Sheet4!A20:F807,6,0),"") -> 11505932 | Q20: =LEFT(K20,2) -> 15
A21: =IFERROR(__xludf.DUMMYFUNCTION("""COMPUTED_VALUE"""),"Standby On Call") -> Standby On Call | B21: =IFERROR(__xludf.DUMMYFUNCTION("""COMPUTED_VALUE"""),"P3") -> P3 | D21: =IFERROR(__xludf.DUMMYFUNCTION("""COMPUTED_VALUE"""),"munawir akhmad") -> munawir akhmad | E21: =IFERROR(__xludf.DUMMYFUNCTION("""COMPUTED_VALUE"""),"TE") -> TE | F21: =IFERROR(__xludf.DUMMYFUNCTION("""COMPUTED_VALUE"""),"Winda Sokenda") -> Winda Sokenda | G21: =IFERROR(__xludf.DUMMYFUNCTION("""COMPUTED_VALUE"""),"Barito Raya") -> Barito Raya | H21: =IFERROR(__xludf.DUMMYFUNCTION("""COMPUTED_VALUE"""),"Standby") -> Standby | I21: =IFERROR(__xludf.DUMMYFUNCTION("""COMPUTED_VALUE"""),"Standby On Call") -> Standby On Call | J21: =IFERROR(__xludf.DUMMYFUNCTION("""COMPUTED_VALUE"""),"On Progress") -> On Progress | K21: =IFERROR(__xludf.DUMMYFUNCTION("""COMPUTED_VALUE"""),46310.0) -> 46310 | L21: =IFERROR(__xludf.DUMMYFUNCTION("""COMPUTED_VALUE"""),46310.0) -> 46310 | M21: =IFERROR(__xludf.DUMMYFUNCTION("""COMPUTED_VALUE"""),"Waiting Update") -> Waiting Update | N21: =IFERROR(__xludf.DUMMYFUNCTION("""COMPUTED_VALUE"""),"Plan CO MTW180") -> Plan CO MTW180 | O21: =IFERROR(VLOOKUP(C21,Sheet4!A21:F808,6,0),"") | Q21: =LEFT(K21,2) -> 15
A22: =IFERROR(__xludf.DUMMYFUNCTION("""COMPUTED_VALUE"""),"Site Down") -> Site Down | B22: =IFERROR(__xludf.DUMMYFUNCTION("""COMPUTED_VALUE"""),"P1") -> P1 | C22: =IFERROR(__xludf.DUMMYFUNCTION("""COMPUTED_VALUE"""),"PRC189") -> PRC189 | D22: =IFERROR(__xludf.DUMMYFUNCTION("""COMPUTED_VALUE"""),"Murjani") -> Murjani | E22: =IFERROR(__xludf.DUMMYFUNCTION("""COMPUTED_VALUE"""),"TE") -> TE | F22: =IFERROR(__xludf.DUMMYFUNCTION("""COMPUTED_VALUE"""),"Winda Sokenda") -> Winda Sokenda | G22: =IFERROR(__xludf.DUMMYFUNCTION("""COMPUTED_VALUE"""),"Barito Raya") -> Barito Raya | H22: =IFERROR(__xludf.DUMMYFUNCTION("""COMPUTED_VALUE"""),"Corrective") -> Corrective | I22: =IFERROR(__xludf.DUMMYFUNCTION("""COMPUTED_VALUE"""),"Pemadaman,MCB Trip,Transmisi problem") -> Pemadaman,MCB Trip,Transmisi problem | J22: =IFERROR(__xludf.DUMMYFUNCTION("""COMPUTED_VALUE"""),"On Progress") -> On Progress | K22: =IFERROR(__xludf.DUMMYFUNCTION("""COMPUTED_VALUE"""),46310.0) -> 46310 | L22: =IFERROR(__xludf.DUMMYFUNCTION("""COMPUTED_VALUE"""),46310.0) -> 46310 | M22: =IFERROR(__xludf.DUMMYFUNCTION("""COMPUTED_VALUE"""),"Waiting Update") -> Waiting Update | N22: =IFERROR(__xludf.DUMMYFUNCTION("""COMPUTED_VALUE"""),"Pembersihan VP") -> Pembersihan VP | O22: =IFERROR(VLOOKUP(C22,Sheet4!A22:F809,6,0),"") -> 11463516 | Q22: =LEFT(K22,2) -> 15
A23: =IFERROR(__xludf.DUMMYFUNCTION("""COMPUTED_VALUE"""),"Site Down") -> Site Down | B23: =IFERROR(__xludf.DUMMYFUNCTION("""COMPUTED_VALUE"""),"P1") -> P1 | C23: =IFERROR(__xludf.DUMMYFUNCTION("""COMPUTED_VALUE"""),"KKP159") -> KKP159 | D23: =IFERROR(__xludf.DUMMYFUNCTION("""COMPUTED_VALUE"""),"Reynaldy Ricardo Putra") -> Reynaldy Ricardo Putra | E23: =IFERROR(__xludf.DUMMYFUNCTION("""COMPUTED_VALUE"""),"TE") -> TE | F23: =IFERROR(__xludf.DUMMYFUNCTION("""COMPUTED_VALUE"""),"Winda Sokenda") -> Winda Sokenda | G23: =IFERROR(__xludf.DUMMYFUNCTION("""COMPUTED_VALUE"""),"Barito Raya") -> Barito Raya | H23: =IFERROR(__xludf.DUMMYFUNCTION("""COMPUTED_VALUE"""),"Corrective") -> Corrective | I23: =IFERROR(__xludf.DUMMYFUNCTION("""COMPUTED_VALUE"""),"Pemadaman,MCB Trip,Transmisi problem") -> Pemadaman,MCB Trip,Transmisi problem | J23: =IFERROR(__xludf.DUMMYFUNCTION("""COMPUTED_VALUE"""),"On Progress") -> On Progress | K23: =IFERROR(__xludf.DUMMYFUNCTION("""COMPUTED_VALUE"""),46310.0) -> 46310 | L23: =IFERROR(__xludf.DUMMYFUNCTION("""COMPUTED_VALUE"""),46310.0) -> 46310 | M23: =IFERROR(__xludf.DUMMYFUNCTION("""COMPUTED_VALUE"""),"Waiting Update") -> Waiting Update | N23: =IFERROR(__xludf.DUMMYFUNCTION("""COMPUTED_VALUE"""),"Cek power") -> Cek power | O23: =IFERROR(VLOOKUP(C23,Sheet4!A23:F810,6,0),"") -> 11433822 | Q23: =LEFT(K23,2) -> 15
A24: =IFERROR(__xludf.DUMMYFUNCTION("""COMPUTED_VALUE"""),"Pengecekan battrey") -> Pengecekan battrey | B24: =IFERROR(__xludf.DUMMYFUNCTION("""COMPUTED_VALUE"""),"P2") -> P2 | C24: =IFERROR(__xludf.DUMMYFUNCTION("""COMPUTED_VALUE"""),"KKP113") -> KKP113 | D24: =IFERROR(__xludf.DUMMYFUNCTION("""COMPUTED_VALUE"""),"Sahrul Saputra") -> Sahrul Saputra | E24: =IFERROR(__xludf.DUMMYFUNCTION("""COMPUTED_VALUE"""),"TE") -> TE | F24: =IFERROR(__xludf.DUMMYFUNCTION("""COMPUTED_VALUE"""),"Winda Sokenda") -> Winda Sokenda | G24: =IFERROR(__xludf.DUMMYFUNCTION("""COMPUTED_VALUE"""),"Barito Raya") -> Barito Raya | H24: =IFERROR(__xludf.DUMMYFUNCTION("""COMPUTED_VALUE"""),"Preventive") -> Preventive | I24: =IFERROR(__xludf.DUMMYFUNCTION("""COMPUTED_VALUE"""),"Pengukuran dan pengambilan data log serta input Gdoc BBT") -> Pengukuran dan pengambilan data log serta input Gdoc BBT | J24: =IFERROR(__xludf.DUMMYFUNCTION("""COMPUTED_VALUE"""),"On Progress") -> On Progress | K24: =IFERROR(__xludf.DUMMYFUNCTION("""COMPUTED_VALUE"""),46310.0) -> 46310 | L24: =IFERROR(__xludf.DUMMYFUNCTION("""COMPUTED_VALUE"""),46310.0) -> 46310 | M24: =IFERROR(__xludf.DUMMYFUNCTION("""COMPUTED_VALUE"""),"Waiting Update") -> Waiting Update | N24: =IFERROR(__xludf.DUMMYFUNCTION("""COMPUTED_VALUE"""),"BBT 0") -> BBT 0 | O24: =IFERROR(VLOOKUP(C24,Sheet4!A24:F811,6,0),"") -> 11447436 | Q24: =LEFT(K24,2) -> 15
A25: =IFERROR(__xludf.DUMMYFUNCTION("""COMPUTED_VALUE"""),"Pengecekan Power") -> Pengecekan Power | B25: =IFERROR(__xludf.DUMMYFUNCTION("""COMPUTED_VALUE"""),"P1") -> P1 | C25: =IFERROR(__xludf.DUMMYFUNCTION("""COMPUTED_VALUE"""),"PRC200 (backup)") -> PRC200 (backup) | D25: =IFERROR(__xludf.DUMMYFUNCTION("""COMPUTED_VALUE"""),"Ahmad Muzakir") -> Ahmad Muzakir | E25: =IFERROR(__xludf.DUMMYFUNCTION("""COMPUTED_VALUE"""),"MBP") -> MBP | F25: =IFERROR(__xludf.DUMMYFUNCTION("""COMPUTED_VALUE"""),"Winda Sokenda") -> Winda Sokenda | G25: =IFERROR(__xludf.DUMMYFUNCTION("""COMPUTED_VALUE"""),"Barito Raya") -> Barito Raya | H25: =IFERROR(__xludf.DUMMYFUNCTION("""COMPUTED_VALUE"""),"Preventive") -> Preventive | I25: =IFERROR(__xludf.DUMMYFUNCTION("""COMPUTED_VALUE"""),"MCB trip/Power upnormal") -> MCB trip/Power upnormal | J25: =IFERROR(__xludf.DUMMYFUNCTION("""COMPUTED_VALUE"""),"On Progress") -> On Progress | K25: =IFERROR(__xludf.DUMMYFUNCTION("""COMPUTED_VALUE"""),46310.0) -> 46310 | L25: =IFERROR(__xludf.DUMMYFUNCTION("""COMPUTED_VALUE"""),46310.0) -> 46310 | M25: =IFERROR(__xludf.DUMMYFUNCTION("""COMPUTED_VALUE"""),"Waiting Update") -> Waiting Update | N25: =IFERROR(__xludf.DUMMYFUNCTION("""COMPUTED_VALUE"""),"Standbay Pemadaman") -> Standbay Pemadaman | O25: =IFERROR(VLOOKUP(C25,Sheet4!A25:F812,6,0),"") | Q25: =LEFT(K25,2) -> 15
A26: =IFERROR(__xludf.DUMMYFUNCTION("""COMPUTED_VALUE"""),"Pengecekan Power") -> Pengecekan Power | B26: =IFERROR(__xludf.DUMMYFUNCTION("""COMPUTED_VALUE"""),"P1") -> P1 | C26: =IFERROR(__xludf.DUMMYFUNCTION("""COMPUTED_VALUE"""),"TML005 (Backup)") -> TML005 (Backup) | D26: =IFERROR(__xludf.DUMMYFUNCTION("""COMPUTED_VALUE"""),"Harun Nurasyid") -> Harun Nurasyid | E26: =IFERROR(__xludf.DUMMYFUNCTION("""COMPUTED_VALUE"""),"CME") -> CME | F26: =IFERROR(__xludf.DUMMYFUNCTION("""COMPUTED_VALUE"""),"Winda Sokenda") -> Winda Sokenda | G26: =IFERROR(__xludf.DUMMYFUNCTION("""COMPUTED_VALUE"""),"Barito Raya") -> Barito Raya | H26: =IFERROR(__xludf.DUMMYFUNCTION("""COMPUTED_VALUE"""),"Preventive") -> Preventive | I26: =IFERROR(__xludf.DUMMYFUNCTION("""COMPUTED_VALUE"""),"MCB trip/Power upnormal") -> MCB trip/Power upnormal | J26: =IFERROR(__xludf.DUMMYFUNCTION("""COMPUTED_VALUE"""),"On Progress") -> On Progress | K26: =IFERROR(__xludf.DUMMYFUNCTION("""COMPUTED_VALUE"""),46310.0) -> 46310 | L26: =IFERROR(__xludf.DUMMYFUNCTION("""COMPUTED_VALUE"""),46310.0) -> 46310 | M26: =IFERROR(__xludf.DUMMYFUNCTION("""COMPUTED_VALUE"""),"Waiting Update") -> Waiting Update | N26: =IFERROR(__xludf.DUMMYFUNCTION("""COMPUTED_VALUE"""),"Standbay Pemadaman") -> Standbay Pemadaman | O26: =IFERROR(VLOOKUP(C26,Sheet4!A26:F813,6,0),"") | Q26: =LEFT(K26,2) -> 15
A27: =IFERROR(__xludf.DUMMYFUNCTION("""COMPUTED_VALUE"""),"Pengecekan Power") -> Pengecekan Power | B27: =IFERROR(__xludf.DUMMYFUNCTION("""COMPUTED_VALUE"""),"P1") -> P1 | C27: =IFERROR(__xludf.DUMMYFUNCTION("""COMPUTED_VALUE"""),"KKP072 (backup)") -> KKP072 (backup) | D27: =IFERROR(__xludf.DUMMYFUNCTION("""COMPUTED_VALUE"""),"Nurhayat") -> Nurhayat | E27: =IFERROR(__xludf.DUMMYFUNCTION("""COMPUTED_VALUE"""),"MBP") -> MBP | F27: =IFERROR(__xludf.DUMMYFUNCTION("""COMPUTED_VALUE"""),"Winda Sokenda") -> Winda Sokenda | G27: =IFERROR(__xludf.DUMMYFUNCTION("""COMPUTED_VALUE"""),"Barito Raya") -> Barito Raya | H27: =IFERROR(__xludf.DUMMYFUNCTION("""COMPUTED_VALUE"""),"Preventive") -> Preventive | I27: =IFERROR(__xludf.DUMMYFUNCTION("""COMPUTED_VALUE"""),"MCB trip/Power upnormal") -> MCB trip/Power upnormal | J27: =IFERROR(__xludf.DUMMYFUNCTION("""COMPUTED_VALUE"""),"On Progress") -> On Progress | K27: =IFERROR(__xludf.DUMMYFUNCTION("""COMPUTED_VALUE"""),46310.0) -> 46310 | L27: =IFERROR(__xludf.DUMMYFUNCTION("""COMPUTED_VALUE"""),46310.0) -> 46310 | M27: =IFERROR(__xludf.DUMMYFUNCTION("""COMPUTED_VALUE"""),"Waiting Update") -> Waiting Update | N27: =IFERROR(__xludf.DUMMYFUNCTION("""COMPUTED_VALUE"""),"Standbay Pemadaman") -> Standbay Pemadaman | O27: =IFERROR(VLOOKUP(C27,Sheet4!A27:F814,6,0),"") | Q27: =LEFT(K27,2) -> 15
A28: =IFERROR(__xludf.DUMMYFUNCTION("""COMPUTED_VALUE"""),"Repointing MW") -> Repointing MW | B28: =IFERROR(__xludf.DUMMYFUNCTION("""COMPUTED_VALUE"""),"P1") -> P1 | C28: =IFERROR(__xludf.DUMMYFUNCTION("""COMPUTED_VALUE"""),"KKP005 (backup)") -> KKP005 (backup) | D28: =IFERROR(__xludf.DUMMYFUNCTION("""COMPUTED_VALUE"""),"Pujianto") -> Pujianto | E28: =IFERROR(__xludf.DUMMYFUNCTION("""COMPUTED_VALUE"""),"MBP") -> MBP | F28: =IFERROR(__xludf.DUMMYFUNCTION("""COMPUTED_VALUE"""),"Winda Sokenda") -> Winda Sokenda | G28: =IFERROR(__xludf.DUMMYFUNCTION("""COMPUTED_VALUE"""),"Barito Raya") -> Barito Raya | H28: =IFERROR(__xludf.DUMMYFUNCTION("""COMPUTED_VALUE"""),"Corrective") -> Corrective | I28: =IFERROR(__xludf.DUMMYFUNCTION("""COMPUTED_VALUE"""),"Impact BTS down / RX Level >70 / PL") -> Impact BTS down / RX Level >70 / PL | J28: =IFERROR(__xludf.DUMMYFUNCTION("""COMPUTED_VALUE"""),"On Progress") -> On Progress | K28: =IFERROR(__xludf.DUMMYFUNCTION("""COMPUTED_VALUE"""),46310.0) -> 46310 | L28: =IFERROR(__xludf.DUMMYFUNCTION("""COMPUTED_VALUE"""),46310.0) -> 46310 | M28: =IFERROR(__xludf.DUMMYFUNCTION("""COMPUTED_VALUE"""),"Waiting Update") -> Waiting Update | N28: =IFERROR(__xludf.DUMMYFUNCTION("""COMPUTED_VALUE"""),"Standbay Pemadaman") -> Standbay Pemadaman | O28: =IFERROR(VLOOKUP(C28,Sheet4!A28:F815,6,0),"") | Q28: =LEFT(K28,2) -> 15
A29: =IFERROR(__xludf.DUMMYFUNCTION("""COMPUTED_VALUE"""),"Penambahan Modul Recti") -> Penambahan Modul Recti | B29: =IFERROR(__xludf.DUMMYFUNCTION("""COMPUTED_VALUE"""),"P2") -> P2 | C29: =IFERROR(__xludf.DUMMYFUNCTION("""COMPUTED_VALUE"""),"KKP065 ") -> KKP065 | D29: =IFERROR(__xludf.DUMMYFUNCTION("""COMPUTED_VALUE"""),"Alfi Syahri") -> Alfi Syahri | E29: =IFERROR(__xludf.DUMMYFUNCTION("""COMPUTED_VALUE"""),"CME") -> CME | F29: =IFERROR(__xludf.DUMMYFUNCTION("""COMPUTED_VALUE"""),"Winda Sokenda") -> Winda Sokenda | G29: =IFERROR(__xludf.DUMMYFUNCTION("""COMPUTED_VALUE"""),"Barito Raya") -> Barito Raya | H29: =IFERROR(__xludf.DUMMYFUNCTION("""COMPUTED_VALUE"""),"Corrective") -> Corrective | I29: =IFERROR(__xludf.DUMMYFUNCTION("""COMPUTED_VALUE"""),"Penambahan Modul Recti") -> Penambahan Modul Recti | J29: =IFERROR(__xludf.DUMMYFUNCTION("""COMPUTED_VALUE"""),"On Progress") -> On Progress | K29: =IFERROR(__xludf.DUMMYFUNCTION("""COMPUTED_VALUE"""),46310.0) -> 46310 | L29: =IFERROR(__xludf.DUMMYFUNCTION("""COMPUTED_VALUE"""),46310.0) -> 46310 | M29: =IFERROR(__xludf.DUMMYFUNCTION("""COMPUTED_VALUE"""),"Waiting Update") -> Waiting Update | N29: =IFERROR(__xludf.DUMMYFUNCTION("""COMPUTED_VALUE"""),"Replace APR") -> Replace APR | O29: =IFERROR(VLOOKUP(C29,Sheet4!A29:F816,6,0),"") | Q29: =LEFT(K29,2) -> 15
A30: =IFERROR(__xludf.DUMMYFUNCTION("""COMPUTED_VALUE"""),"Pengecekan Power") -> Pengecekan Power | B30: =IFERROR(__xludf.DUMMYFUNCTION("""COMPUTED_VALUE"""),"P1") -> P1 | C30: =IFERROR(__xludf.DUMMYFUNCTION("""COMPUTED_VALUE"""),"MTW004 (Backup)") -> MTW004 (Backup) | D30: =IFERROR(__xludf.DUMMYFUNCTION("""COMPUTED_VALUE"""),"Taklim") -> Taklim | E30: =IFERROR(__xludf.DUMMYFUNCTION("""COMPUTED_VALUE"""),"MBP") -> MBP | F30: =IFERROR(__xludf.DUMMYFUNCTION("""COMPUTED_VALUE"""),"Winda Sokenda") -> Winda Sokenda | G30: =IFERROR(__xludf.DUMMYFUNCTION("""COMPUTED_VALUE"""),"Barito Raya") -> Barito Raya | H30: =IFERROR(__xludf.DUMMYFUNCTION("""COMPUTED_VALUE"""),"Preventive") -> Preventive | I30: =IFERROR(__xludf.DUMMYFUNCTION("""COMPUTED_VALUE"""),"MCB trip/Power upnormal") -> MCB trip/Power upnormal | J30: =IFERROR(__xludf.DUMMYFUNCTION("""COMPUTED_VALUE"""),"On Progress") -> On Progress | K30: =IFERROR(__xludf.DUMMYFUNCTION("""COMPUTED_VALUE"""),46310.0) -> 46310 | L30: =IFERROR(__xludf.DUMMYFUNCTION("""COMPUTED_VALUE"""),46310.0) -> 46310 | M30: =IFERROR(__xludf.DUMMYFUNCTION("""COMPUTED_VALUE"""),"Waiting Update") -> Waiting Update | N30: =IFERROR(__xludf.DUMMYFUNCTION("""COMPUTED_VALUE"""),"Standbay Pemadaman") -> Standbay Pemadaman | O30: =IFERROR(VLOOKUP(C30,Sheet4!A30:F817,6,0),"") | Q30: =LEFT(K30,2) -> 15
A31: =IFERROR(__xludf.DUMMYFUNCTION("""COMPUTED_VALUE"""),"Cell down") -> Cell down | B31: =IFERROR(__xludf.DUMMYFUNCTION("""COMPUTED_VALUE"""),"P1") -> P1 | C31: =IFERROR(__xludf.DUMMYFUNCTION("""COMPUTED_VALUE"""),"KKP146") -> KKP146 | D31: =IFERROR(__xludf.DUMMYFUNCTION("""COMPUTED_VALUE"""),"Yahya Muhamad") -> Yahya Muhamad | E31: =IFERROR(__xludf.DUMMYFUNCTION("""COMPUTED_VALUE"""),"TE") -> TE | F31: =IFERROR(__xludf.DUMMYFUNCTION("""COMPUTED_VALUE"""),"Winda Sokenda") -> Winda Sokenda | G31: =IFERROR(__xludf.DUMMYFUNCTION("""COMPUTED_VALUE"""),"Barito Raya") -> Barito Raya | H31: =IFERROR(__xludf.DUMMYFUNCTION("""COMPUTED_VALUE"""),"Corrective") -> Corrective | I31: =IFERROR(__xludf.DUMMYFUNCTION("""COMPUTED_VALUE"""),"Replace Optik,RRU/Soket Power/Replace GPS") -> Replace Optik,RRU/Soket Power/Replace GPS | J31: =IFERROR(__xludf.DUMMYFUNCTION("""COMPUTED_VALUE"""),"On Progress") -> On Progress | K31: =IFERROR(__xludf.DUMMYFUNCTION("""COMPUTED_VALUE"""),46310.0) -> 46310 | L31: =IFERROR(__xludf.DUMMYFUNCTION("""COMPUTED_VALUE"""),46310.0) -> 46310 | M31: =IFERROR(__xludf.DUMMYFUNCTION("""COMPUTED_VALUE"""),"Waiting Update") -> Waiting Update | N31: =IFERROR(__xludf.DUMMYFUNCTION("""COMPUTED_VALUE"""),"Cell Flicker") -> Cell Flicker | O31: =IFERROR(VLOOKUP(C31,Sheet4!A31:F818,6,0),"") -> 11426215 | Q31: =LEFT(K31,2) -> 15
A32: =IFERROR(__xludf.DUMMYFUNCTION("""COMPUTED_VALUE"""),"PM") -> PM | B32: =IFERROR(__xludf.DUMMYFUNCTION("""COMPUTED_VALUE"""),"P2") -> P2 | C32: =IFERROR(__xludf.DUMMYFUNCTION("""COMPUTED_VALUE"""),"TML026") -> TML026 | D32: =IFERROR(__xludf.DUMMYFUNCTION("""COMPUTED_VALUE"""),"Khilal dawai katiri") -> Khilal dawai katiri | E32: =IFERROR(__xludf.DUMMYFUNCTION("""COMPUTED_VALUE"""),"MBP") -> MBP | F32: =IFERROR(__xludf.DUMMYFUNCTION("""COMPUTED_VALUE"""),"Winda Sokenda") -> Winda Sokenda | G32: =IFERROR(__xludf.DUMMYFUNCTION("""COMPUTED_VALUE"""),"Barito Raya") -> Barito Raya | H32: =IFERROR(__xludf.DUMMYFUNCTION("""COMPUTED_VALUE"""),"Preventive") -> Preventive | I32: =IFERROR(__xludf.DUMMYFUNCTION("""COMPUTED_VALUE"""),"Preventive Maintenance") -> Preventive Maintenance | J32: =IFERROR(__xludf.DUMMYFUNCTION("""COMPUTED_VALUE"""),"On Progress") -> On Progress | K32: =IFERROR(__xludf.DUMMYFUNCTION("""COMPUTED_VALUE"""),46310.0) -> 46310 | L32: =IFERROR(__xludf.DUMMYFUNCTION("""COMPUTED_VALUE"""),46310.0) -> 46310 | M32: =IFERROR(__xludf.DUMMYFUNCTION("""COMPUTED_VALUE"""),"Waiting Update") -> Waiting Update | N32: =IFERROR(__xludf.DUMMYFUNCTION("""COMPUTED_VALUE"""),"PMS") -> PMS | O32: =IFERROR(VLOOKUP(C32,Sheet4!A32:F819,6,0),"") -> 11515247 | Q32: =LEFT(K32,2) -> 15
A33: =IFERROR(__xludf.DUMMYFUNCTION("""COMPUTED_VALUE"""),"PM") -> PM | B33: =IFERROR(__xludf.DUMMYFUNCTION("""COMPUTED_VALUE"""),"P2") -> P2 | C33: =IFERROR(__xludf.DUMMYFUNCTION("""COMPUTED_VALUE"""),"PRC051") -> PRC051 | D33: =IFERROR(__xludf.DUMMYFUNCTION("""COMPUTED_VALUE"""),"Riko setiadi") -> Riko setiadi | E33: =IFERROR(__xludf.DUMMYFUNCTION("""COMPUTED_VALUE"""),"PM") -> PM | F33: =IFERROR(__xludf.DUMMYFUNCTION("""COMPUTED_VALUE"""),"Winda Sokenda") -> Winda Sokenda | G33: =IFERROR(__xludf.DUMMYFUNCTION("""COMPUTED_VALUE"""),"Barito Raya") -> Barito Raya | H33: =IFERROR(__xludf.DUMMYFUNCTION("""COMPUTED_VALUE"""),"Preventive") -> Preventive | I33: =IFERROR(__xludf.DUMMYFUNCTION("""COMPUTED_VALUE"""),"Preventive Maintenance") -> Preventive Maintenance | J33: =IFERROR(__xludf.DUMMYFUNCTION("""COMPUTED_VALUE"""),"Standby") -> Standby | K33: =IFERROR(__xludf.DUMMYFUNCTION("""COMPUTED_VALUE"""),46310.0) -> 46310 | L33: =IFERROR(__xludf.DUMMYFUNCTION("""COMPUTED_VALUE"""),46310.0) -> 46310 | M33: =IFERROR(__xludf.DUMMYFUNCTION("""COMPUTED_VALUE"""),"Waiting Update") -> Waiting Update | N33: =IFERROR(__xludf.DUMMYFUNCTION("""COMPUTED_VALUE"""),"PMS") -> PMS | O33: =IFERROR(VLOOKUP(C33,Sheet4!A33:F820,6,0),"") -> 11459734 | Q33: =LEFT(K33,2) -> 15
A34: =IFERROR(__xludf.DUMMYFUNCTION("""COMPUTED_VALUE"""),"Pengecekan battrey") -> Pengecekan battrey | B34: =IFERROR(__xludf.DUMMYFUNCTION("""COMPUTED_VALUE"""),"P2") -> P2 | C34: =IFERROR(__xludf.DUMMYFUNCTION("""COMPUTED_VALUE"""),"BNT006 ") -> BNT006 | D34: =IFERROR(__xludf.DUMMYFUNCTION("""COMPUTED_VALUE"""),"Putra wardana") -> Putra wardana | E34: =IFERROR(__xludf.DUMMYFUNCTION("""COMPUTED_VALUE"""),"TE") -> TE | F34: =IFERROR(__xludf.DUMMYFUNCTION("""COMPUTED_VALUE"""),"Winda Sokenda") -> Winda Sokenda | G34: =IFERROR(__xludf.DUMMYFUNCTION("""COMPUTED_VALUE"""),"Barito Raya") -> Barito Raya | H34: =IFERROR(__xludf.DUMMYFUNCTION("""COMPUTED_VALUE"""),"Preventive") -> Preventive | I34: =IFERROR(__xludf.DUMMYFUNCTION("""COMPUTED_VALUE"""),"Pengukuran dan pengambilan data log serta input Gdoc BBT") -> Pengukuran dan pengambilan data log serta input Gdoc BBT | J34: =IFERROR(__xludf.DUMMYFUNCTION("""COMPUTED_VALUE"""),"On Progress") -> On Progress | K34: =IFERROR(__xludf.DUMMYFUNCTION("""COMPUTED_VALUE"""),46307.0) -> 46307 | L34: =IFERROR(__xludf.DUMMYFUNCTION("""COMPUTED_VALUE"""),46307.0) -> 46307 | M34: =IFERROR(__xludf.DUMMYFUNCTION("""COMPUTED_VALUE"""),"Done") -> Done | N34: =IFERROR(__xludf.DUMMYFUNCTION("""COMPUTED_VALUE"""),"BBT 0") -> BBT 0 | O34: =IFERROR(VLOOKUP(C34,Sheet4!A34:F821,6,0),"") | Q34: =LEFT(K34,2) -> 12
A35: =IFERROR(__xludf.DUMMYFUNCTION("""COMPUTED_VALUE"""),"Site Down") -> Site Down | B35: =IFERROR(__xludf.DUMMYFUNCTION("""COMPUTED_VALUE"""),"P1") -> P1 | C35: =IFERROR(__xludf.DUMMYFUNCTION("""COMPUTED_VALUE"""),"AMT003") -> AMT003 | D35: =IFERROR(__xludf.DUMMYFUNCTION("""COMPUTED_VALUE"""),"Sailillah") -> Sailillah | E35: =IFERROR(__xludf.DUMMYFUNCTION("""COMPUTED_VALUE"""),"TE") -> TE | F35: =IFERROR(__xludf.DUMMYFUNCTION("""COMPUTED_VALUE"""),"Winda Sokenda") -> Winda Sokenda | G35: =IFERROR(__xludf.DUMMYFUNCTION("""COMPUTED_VALUE"""),"Barito Raya") -> Barito Raya | H35: =IFERROR(__xludf.DUMMYFUNCTION("""COMPUTED_VALUE"""),"Corrective") -> Corrective | I35: =IFERROR(__xludf.DUMMYFUNCTION("""COMPUTED_VALUE"""),"Pemadaman,MCB Trip,Transmisi problem") -> Pemadaman,MCB Trip,Transmisi problem | J35: =IFERROR(__xludf.DUMMYFUNCTION("""COMPUTED_VALUE"""),"On Progress") -> On Progress | K35: =IFERROR(__xludf.DUMMYFUNCTION("""COMPUTED_VALUE"""),46307.0) -> 46307 | L35: =IFERROR(__xludf.DUMMYFUNCTION("""COMPUTED_VALUE"""),46307.0) -> 46307 | M35: =IFERROR(__xludf.DUMMYFUNCTION("""COMPUTED_VALUE"""),"Done") -> Done | N35: =IFERROR(__xludf.DUMMYFUNCTION("""COMPUTED_VALUE"""),"Koordinasi to pjs") -> Koordinasi to pjs | O35: =IFERROR(VLOOKUP(C35,Sheet4!A35:F822,6,0),"") -> 11491403 | Q35: =LEFT(K35,2) -> 12
A36: =IFERROR(__xludf.DUMMYFUNCTION("""COMPUTED_VALUE"""),"Pengecekan battrey") -> Pengecekan battrey | B36: =IFERROR(__xludf.DUMMYFUNCTION("""COMPUTED_VALUE"""),"P2") -> P2 | C36: =IFERROR(__xludf.DUMMYFUNCTION("""COMPUTED_VALUE"""),"MTW062") -> MTW062 | D36: =IFERROR(__xludf.DUMMYFUNCTION("""COMPUTED_VALUE"""),"Tiviansyah") -> Tiviansyah | E36: =IFERROR(__xludf.DUMMYFUNCTION("""COMPUTED_VALUE"""),"TE") -> TE | F36: =IFERROR(__xludf.DUMMYFUNCTION("""COMPUTED_VALUE"""),"Winda Sokenda") -> Winda Sokenda | G36: =IFERROR(__xludf.DUMMYFUNCTION("""COMPUTED_VALUE"""),"Barito Raya") -> Barito Raya | H36: =IFERROR(__xludf.DUMMYFUNCTION("""COMPUTED_VALUE"""),"Preventive") -> Preventive | I36: =IFERROR(__xludf.DUMMYFUNCTION("""COMPUTED_VALUE"""),"Pengukuran dan pengambilan data log serta input Gdoc BBT") -> Pengukuran dan pengambilan data log serta input Gdoc BBT | J36: =IFERROR(__xludf.DUMMYFUNCTION("""COMPUTED_VALUE"""),"On Progress") -> On Progress | K36: =IFERROR(__xludf.DUMMYFUNCTION("""COMPUTED_VALUE"""),46307.0) -> 46307 | L36: =IFERROR(__xludf.DUMMYFUNCTION("""COMPUTED_VALUE"""),46307.0) -> 46307 | M36: =IFERROR(__xludf.DUMMYFUNCTION("""COMPUTED_VALUE"""),"Done") -> Done | N36: =IFERROR(__xludf.DUMMYFUNCTION("""COMPUTED_VALUE"""),"BBT 0") -> BBT 0 | O36: =IFERROR(VLOOKUP(C36,Sheet4!A36:F823,6,0),"") -> 11514783 | Q36: =LEFT(K36,2) -> 12
A37: =IFERROR(__xludf.DUMMYFUNCTION("""COMPUTED_VALUE"""),"Pengecekan battrey") -> Pengecekan battrey | B37: =IFERROR(__xludf.DUMMYFUNCTION("""COMPUTED_VALUE"""),"P2") -> P2 | C37: =IFERROR(__xludf.DUMMYFUNCTION("""COMPUTED_VALUE"""),"MTW088") -> MTW088 | D37: =IFERROR(__xludf.DUMMYFUNCTION("""COMPUTED_VALUE"""),"munawir akhmad") -> munawir akhmad | E37: =IFERROR(__xludf.DUMMYFUNCTION("""COMPUTED_VALUE"""),"TE") -> TE | F37: =IFERROR(__xludf.DUMMYFUNCTION("""COMPUTED_VALUE"""),"Winda Sokenda") -> Winda Sokenda | G37: =IFERROR(__xludf.DUMMYFUNCTION("""COMPUTED_VALUE"""),"Barito Raya") -> Barito Raya | H37: =IFERROR(__xludf.DUMMYFUNCTION("""COMPUTED_VALUE"""),"Preventive") -> Preventive | I37: =IFERROR(__xludf.DUMMYFUNCTION("""COMPUTED_VALUE"""),"Pengukuran dan pengambilan data log serta input Gdoc BBT") -> Pengukuran dan pengambilan data log serta input Gdoc BBT | J37: =IFERROR(__xludf.DUMMYFUNCTION("""COMPUTED_VALUE"""),"On Progress") -> On Progress | K37: =IFERROR(__xludf.DUMMYFUNCTION("""COMPUTED_VALUE"""),46307.0) -> 46307 | L37: =IFERROR(__xludf.DUMMYFUNCTION("""COMPUTED_VALUE"""),46307.0) -> 46307 | M37: =IFERROR(__xludf.DUMMYFUNCTION("""COMPUTED_VALUE"""),"Done") -> Done | N37: =IFERROR(__xludf.DUMMYFUNCTION("""COMPUTED_VALUE"""),"BBT 0") -> BBT 0 | O37: =IFERROR(VLOOKUP(C37,Sheet4!A37:F824,6,0),"") -> 11490715 | Q37: =LEFT(K37,2) -> 12
A38: =IFERROR(__xludf.DUMMYFUNCTION("""COMPUTED_VALUE"""),"Pengecekan Power") -> Pengecekan Power | B38: =IFERROR(__xludf.DUMMYFUNCTION("""COMPUTED_VALUE"""),"P1") -> P1 | C38: =IFERROR(__xludf.DUMMYFUNCTION("""COMPUTED_VALUE"""),"PRC005") -> PRC005 | D38: =IFERROR(__xludf.DUMMYFUNCTION("""COMPUTED_VALUE"""),"Murjani") -> Murjani | E38: =IFERROR(__xludf.DUMMYFUNCTION("""COMPUTED_VALUE"""),"TE") -> TE | F38: =IFERROR(__xludf.DUMMYFUNCTION("""COMPUTED_VALUE"""),"Winda Sokenda") -> Winda Sokenda | G38: =IFERROR(__xludf.DUMMYFUNCTION("""COMPUTED_VALUE"""),"Barito Raya") -> Barito Raya | H38: =IFERROR(__xludf.DUMMYFUNCTION("""COMPUTED_VALUE"""),"Preventive") -> Preventive | I38: =IFERROR(__xludf.DUMMYFUNCTION("""COMPUTED_VALUE"""),"MCB trip/Power upnormal") -> MCB trip/Power upnormal | J38: =IFERROR(__xludf.DUMMYFUNCTION("""COMPUTED_VALUE"""),"On Progress") -> On Progress | K38: =IFERROR(__xludf.DUMMYFUNCTION("""COMPUTED_VALUE"""),46307.0) -> 46307 | L38: =IFERROR(__xludf.DUMMYFUNCTION("""COMPUTED_VALUE"""),46307.0) -> 46307 | M38: =IFERROR(__xludf.DUMMYFUNCTION("""COMPUTED_VALUE"""),"Done") -> Done | O38: =IFERROR(VLOOKUP(C38,Sheet4!A38:F825,6,0),"") -> 11456278 | Q38: =LEFT(K38,2) -> 12
A39: =IFERROR(__xludf.DUMMYFUNCTION("""COMPUTED_VALUE"""),"Pengecekan Power") -> Pengecekan Power | B39: =IFERROR(__xludf.DUMMYFUNCTION("""COMPUTED_VALUE"""),"P1") -> P1 | C39: =IFERROR(__xludf.DUMMYFUNCTION("""COMPUTED_VALUE"""),"KKP093") -> KKP093 | D39: =IFERROR(__xludf.DUMMYFUNCTION("""COMPUTED_VALUE"""),"Reynaldy Ricardo Putra") -> Reynaldy Ricardo Putra | E39: =IFERROR(__xludf.DUMMYFUNCTION("""COMPUTED_VALUE"""),"TE") -> TE | F39: =IFERROR(__xludf.DUMMYFUNCTION("""COMPUTED_VALUE"""),"Winda Sokenda") -> Winda Sokenda | G39: =IFERROR(__xludf.DUMMYFUNCTION("""COMPUTED_VALUE"""),"Barito Raya") -> Barito Raya | H39: =IFERROR(__xludf.DUMMYFUNCTION("""COMPUTED_VALUE"""),"Preventive") -> Preventive | I39: =IFERROR(__xludf.DUMMYFUNCTION("""COMPUTED_VALUE"""),"MCB trip/Power upnormal") -> MCB trip/Power upnormal | J39: =IFERROR(__xludf.DUMMYFUNCTION("""COMPUTED_VALUE"""),"On Progress") -> On Progress | K39: =IFERROR(__xludf.DUMMYFUNCTION("""COMPUTED_VALUE"""),46307.0) -> 46307 | L39: =IFERROR(__xludf.DUMMYFUNCTION("""COMPUTED_VALUE"""),46307.0) -> 46307 | M39: =IFERROR(__xludf.DUMMYFUNCTION("""COMPUTED_VALUE"""),"Done") -> Done | N39: =IFERROR(__xludf.DUMMYFUNCTION("""COMPUTED_VALUE"""),"BBT 0") -> BBT 0 | O39: =IFERROR(VLOOKUP(C39,Sheet4!A39:F826,6,0),"") -> 1146016 | Q39: =LEFT(K39,2) -> 12
A40: =IFERROR(__xludf.DUMMYFUNCTION("""COMPUTED_VALUE"""),"Pengecekan battrey") -> Pengecekan battrey | B40: =IFERROR(__xludf.DUMMYFUNCTION("""COMPUTED_VALUE"""),"P2") -> P2 | C40: =IFERROR(__xludf.DUMMYFUNCTION("""COMPUTED_VALUE"""),"KKP036 ") -> KKP036 | D40: =IFERROR(__xludf.DUMMYFUNCTION("""COMPUTED_VALUE"""),"Sahrul Saputra") -> Sahrul Saputra | E40: =IFERROR(__xludf.DUMMYFUNCTION("""COMPUTED_VALUE"""),"TE") -> TE | F40: =IFERROR(__xludf.DUMMYFUNCTION("""COMPUTED_VALUE"""),"Winda Sokenda") -> Winda Sokenda | G40: =IFERROR(__xludf.DUMMYFUNCTION("""COMPUTED_VALUE"""),"Barito Raya") -> Barito Raya | H40: =IFERROR(__xludf.DUMMYFUNCTION("""COMPUTED_VALUE"""),"Preventive") -> Preventive | I40: =IFERROR(__xludf.DUMMYFUNCTION("""COMPUTED_VALUE"""),"Pengukuran dan pengambilan data log serta input Gdoc BBT") -> Pengukuran dan pengambilan data log serta input Gdoc BBT | J40: =IFERROR(__xludf.DUMMYFUNCTION("""COMPUTED_VALUE"""),"On Progress") -> On Progress | K40: =IFERROR(__xludf.DUMMYFUNCTION("""COMPUTED_VALUE"""),46307.0) -> 46307 | L40: =IFERROR(__xludf.DUMMYFUNCTION("""COMPUTED_VALUE"""),46307.0) -> 46307 | M40: =IFERROR(__xludf.DUMMYFUNCTION("""COMPUTED_VALUE"""),"Done") -> Done | N40: =IFERROR(__xludf.DUMMYFUNCTION("""COMPUTED_VALUE"""),"BBT 0") -> BBT 0 | O40: =IFERROR(VLOOKUP(C40,Sheet4!A40:F827,6,0),"") | Q40: =LEFT(K40,2) -> 12
A41: =IFERROR(__xludf.DUMMYFUNCTION("""COMPUTED_VALUE"""),"Pengecekan Power") -> Pengecekan Power | B41: =IFERROR(__xludf.DUMMYFUNCTION("""COMPUTED_VALUE"""),"P1") -> P1 | C41: =IFERROR(__xludf.DUMMYFUNCTION("""COMPUTED_VALUE"""),"PRC200 (backup)") -> PRC200 (backup) | D41: =IFERROR(__xludf.DUMMYFUNCTION("""COMPUTED_VALUE"""),"Ahmad Muzakir") -> Ahmad Muzakir | E41: =IFERROR(__xludf.DUMMYFUNCTION("""COMPUTED_VALUE"""),"MBP") -> MBP | F41: =IFERROR(__xludf.DUMMYFUNCTION("""COMPUTED_VALUE"""),"Winda Sokenda") -> Winda Sokenda | G41: =IFERROR(__xludf.DUMMYFUNCTION("""COMPUTED_VALUE"""),"Barito Raya") -> Barito Raya | H41: =IFERROR(__xludf.DUMMYFUNCTION("""COMPUTED_VALUE"""),"Preventive") -> Preventive | I41: =IFERROR(__xludf.DUMMYFUNCTION("""COMPUTED_VALUE"""),"MCB trip/Power upnormal") -> MCB trip/Power upnormal | J41: =IFERROR(__xludf.DUMMYFUNCTION("""COMPUTED_VALUE"""),"On Progress") -> On Progress | K41: =IFERROR(__xludf.DUMMYFUNCTION("""COMPUTED_VALUE"""),46307.0) -> 46307 | L41: =IFERROR(__xludf.DUMMYFUNCTION("""COMPUTED_VALUE"""),46307.0) -> 46307 | M41: =IFERROR(__xludf.DUMMYFUNCTION("""COMPUTED_VALUE"""),"Done") -> Done | N41: =IFERROR(__xludf.DUMMYFUNCTION("""COMPUTED_VALUE"""),"Backup PRC043") -> Backup PRC043 | O41: =IFERROR(VLOOKUP(C41,Sheet4!A41:F828,6,0),"") | Q41: =LEFT(K41,2) -> 12
A42: =IFERROR(__xludf.DUMMYFUNCTION("""COMPUTED_VALUE"""),"Pengecekan Power") -> Pengecekan Power | B42: =IFERROR(__xludf.DUMMYFUNCTION("""COMPUTED_VALUE"""),"P1") -> P1 | C42: =IFERROR(__xludf.DUMMYFUNCTION("""COMPUTED_VALUE"""),"TML005 (Backup)") -> TML005 (Backup) | D42: =IFERROR(__xludf.DUMMYFUNCTION("""COMPUTED_VALUE"""),"Harun Nurasyid") -> Harun Nurasyid | E42: =IFERROR(__xludf.DUMMYFUNCTION("""COMPUTED_VALUE"""),"CME") -> CME | F42: =IFERROR(__xludf.DUMMYFUNCTION("""COMPUTED_VALUE"""),"Winda Sokenda") -> Winda Sokenda | G42: =IFERROR(__xludf.DUMMYFUNCTION("""COMPUTED_VALUE"""),"Barito Raya") -> Barito Raya | H42: =IFERROR(__xludf.DUMMYFUNCTION("""COMPUTED_VALUE"""),"Preventive") -> Preventive | I42: =IFERROR(__xludf.DUMMYFUNCTION("""COMPUTED_VALUE"""),"MCB trip/Power upnormal") -> MCB trip/Power upnormal | J42: =IFERROR(__xludf.DUMMYFUNCTION("""COMPUTED_VALUE"""),"On Progress") -> On Progress | K42: =IFERROR(__xludf.DUMMYFUNCTION("""COMPUTED_VALUE"""),46307.0) -> 46307 | L42: =IFERROR(__xludf.DUMMYFUNCTION("""COMPUTED_VALUE"""),46307.0) -> 46307 | M42: =IFERROR(__xludf.DUMMYFUNCTION("""COMPUTED_VALUE"""),"Done") -> Done | N42: =IFERROR(__xludf.DUMMYFUNCTION("""COMPUTED_VALUE"""),"Standbay Pemadaman") -> Standbay Pemadaman | O42: =IFERROR(VLOOKUP(C42,Sheet4!A42:F829,6,0),"") | Q42: =LEFT(K42,2) -> 12
A43: =IFERROR(__xludf.DUMMYFUNCTION("""COMPUTED_VALUE"""),"Pengecekan Power") -> Pengecekan Power | B43: =IFERROR(__xludf.DUMMYFUNCTION("""COMPUTED_VALUE"""),"P1") -> P1 | C43: =IFERROR(__xludf.DUMMYFUNCTION("""COMPUTED_VALUE"""),"KKP072 (backup)") -> KKP072 (backup) | D43: =IFERROR(__xludf.DUMMYFUNCTION("""COMPUTED_VALUE"""),"Nurhayat") -> Nurhayat | E43: =IFERROR(__xludf.DUMMYFUNCTION("""COMPUTED_VALUE"""),"MBP") -> MBP | F43: =IFERROR(__xludf.DUMMYFUNCTION("""COMPUTED_VALUE"""),"Winda Sokenda") -> Winda Sokenda | G43: =IFERROR(__xludf.DUMMYFUNCTION("""COMPUTED_VALUE"""),"Barito Raya") -> Barito Raya | H43: =IFERROR(__xludf.DUMMYFUNCTION("""COMPUTED_VALUE"""),"Preventive") -> Preventive | I43: =IFERROR(__xludf.DUMMYFUNCTION("""COMPUTED_VALUE"""),"MCB trip/Power upnormal") -> MCB trip/Power upnormal | J43: =IFERROR(__xludf.DUMMYFUNCTION("""COMPUTED_VALUE"""),"On Progress") -> On Progress | K43: =IFERROR(__xludf.DUMMYFUNCTION("""COMPUTED_VALUE"""),46307.0) -> 46307 | L43: =IFERROR(__xludf.DUMMYFUNCTION("""COMPUTED_VALUE"""),46307.0) -> 46307 | M43: =IFERROR(__xludf.DUMMYFUNCTION("""COMPUTED_VALUE"""),"Done") -> Done | N43: =IFERROR(__xludf.DUMMYFUNCTION("""COMPUTED_VALUE"""),"Backup KKP008") -> Backup KKP008 | O43: =IFERROR(VLOOKUP(C43,Sheet4!A43:F830,6,0),"") | Q43: =LEFT(K43,2) -> 12
A44: =IFERROR(__xludf.DUMMYFUNCTION("""COMPUTED_VALUE"""),"Pengecekan Power") -> Pengecekan Power | B44: =IFERROR(__xludf.DUMMYFUNCTION("""COMPUTED_VALUE"""),"P1") -> P1 | C44: =IFERROR(__xludf.DUMMYFUNCTION("""COMPUTED_VALUE"""),"KKP005 (backup)") -> KKP005 (backup) | D44: =IFERROR(__xludf.DUMMYFUNCTION("""COMPUTED_VALUE"""),"Pujianto") -> Pujianto | E44: =IFERROR(__xludf.DUMMYFUNCTION("""COMPUTED_VALUE"""),"MBP") -> MBP | F44: =IFERROR(__xludf.DUMMYFUNCTION("""COMPUTED_VALUE"""),"Winda Sokenda") -> Winda Sokenda | G44: =IFERROR(__xludf.DUMMYFUNCTION("""COMPUTED_VALUE"""),"Barito Raya") -> Barito Raya | H44: =IFERROR(__xludf.DUMMYFUNCTION("""COMPUTED_VALUE"""),"Preventive") -> Preventive | I44: =IFERROR(__xludf.DUMMYFUNCTION("""COMPUTED_VALUE"""),"MCB trip/Power upnormal") -> MCB trip/Power upnormal | J44: =IFERROR(__xludf.DUMMYFUNCTION("""COMPUTED_VALUE"""),"On Progress") -> On Progress | K44: =IFERROR(__xludf.DUMMYFUNCTION("""COMPUTED_VALUE"""),46307.0) -> 46307 | L44: =IFERROR(__xludf.DUMMYFUNCTION("""COMPUTED_VALUE"""),46307.0) -> 46307 | M44: =IFERROR(__xludf.DUMMYFUNCTION("""COMPUTED_VALUE"""),"Done") -> Done | N44: =IFERROR(__xludf.DUMMYFUNCTION("""COMPUTED_VALUE"""),"Backup KKP004") -> Backup KKP004 | O44: =IFERROR(VLOOKUP(C44,Sheet4!A44:F831,6,0),"") | Q44: =LEFT(K44,2) -> 12
A45: =IFERROR(__xludf.DUMMYFUNCTION("""COMPUTED_VALUE"""),"Pengecekan Power") -> Pengecekan Power | B45: =IFERROR(__xludf.DUMMYFUNCTION("""COMPUTED_VALUE"""),"P1") -> P1 | C45: =IFERROR(__xludf.DUMMYFUNCTION("""COMPUTED_VALUE"""),"KKP065 (Backup)") -> KKP065 (Backup) | D45: =IFERROR(__xludf.DUMMYFUNCTION("""COMPUTED_VALUE"""),"Alfi Syahri") -> Alfi Syahri | E45: =IFERROR(__xludf.DUMMYFUNCTION("""COMPUTED_VALUE"""),"CME") -> CME | F45: =IFERROR(__xludf.DUMMYFUNCTION("""COMPUTED_VALUE"""),"Winda Sokenda") -> Winda Sokenda | G45: =IFERROR(__xludf.DUMMYFUNCTION("""COMPUTED_VALUE"""),"Barito Raya") -> Barito Raya | H45: =IFERROR(__xludf.DUMMYFUNCTION("""COMPUTED_VALUE"""),"Preventive") -> Preventive | I45: =IFERROR(__xludf.DUMMYFUNCTION("""COMPUTED_VALUE"""),"MCB trip/Power upnormal") -> MCB trip/Power upnormal | J45: =IFERROR(__xludf.DUMMYFUNCTION("""COMPUTED_VALUE"""),"On Progress") -> On Progress | K45: =IFERROR(__xludf.DUMMYFUNCTION("""COMPUTED_VALUE"""),46307.0) -> 46307 | L45: =IFERROR(__xludf.DUMMYFUNCTION("""COMPUTED_VALUE"""),46307.0) -> 46307 | M45: =IFERROR(__xludf.DUMMYFUNCTION("""COMPUTED_VALUE"""),"Done") -> Done | N45: =IFERROR(__xludf.DUMMYFUNCTION("""COMPUTED_VALUE"""),"Backup KKP065") -> Backup KKP065 | O45: =IFERROR(VLOOKUP(C45,Sheet4!A45:F832,6,0),"") | Q45: =LEFT(K45,2) -> 12
A46: =IFERROR(__xludf.DUMMYFUNCTION("""COMPUTED_VALUE"""),"Pengecekan Power") -> Pengecekan Power | B46: =IFERROR(__xludf.DUMMYFUNCTION("""COMPUTED_VALUE"""),"P1") -> P1 | C46: =IFERROR(__xludf.DUMMYFUNCTION("""COMPUTED_VALUE"""),"MTW004 (Backup)") -> MTW004 (Backup) | D46: =IFERROR(__xludf.DUMMYFUNCTION("""COMPUTED_VALUE"""),"Taklim") -> Taklim | E46: =IFERROR(__xludf.DUMMYFUNCTION("""COMPUTED_VALUE"""),"MBP") -> MBP | F46: =IFERROR(__xludf.DUMMYFUNCTION("""COMPUTED_VALUE"""),"Winda Sokenda") -> Winda Sokenda | G46: =IFERROR(__xludf.DUMMYFUNCTION("""COMPUTED_VALUE"""),"Barito Raya") -> Barito Raya | H46: =IFERROR(__xludf.DUMMYFUNCTION("""COMPUTED_VALUE"""),"Preventive") -> Preventive | I46: =IFERROR(__xludf.DUMMYFUNCTION("""COMPUTED_VALUE"""),"MCB trip/Power upnormal") -> MCB trip/Power upnormal | J46: =IFERROR(__xludf.DUMMYFUNCTION("""COMPUTED_VALUE"""),"On Progress") -> On Progress | K46: =IFERROR(__xludf.DUMMYFUNCTION("""COMPUTED_VALUE"""),46307.0) -> 46307 | L46: =IFERROR(__xludf.DUMMYFUNCTION("""COMPUTED_VALUE"""),46307.0) -> 46307 | M46: =IFERROR(__xludf.DUMMYFUNCTION("""COMPUTED_VALUE"""),"Done") -> Done | N46: =IFERROR(__xludf.DUMMYFUNCTION("""COMPUTED_VALUE"""),"Standbay Pemadaman") -> Standbay Pemadaman | O46: =IFERROR(VLOOKUP(C46,Sheet4!A46:F833,6,0),"") | Q46: =LEFT(K46,2) -> 12
A47: =IFERROR(__xludf.DUMMYFUNCTION("""COMPUTED_VALUE"""),"PM") -> PM | B47: =IFERROR(__xludf.DUMMYFUNCTION("""COMPUTED_VALUE"""),"P2") -> P2 | C47: =IFERROR(__xludf.DUMMYFUNCTION("""COMPUTED_VALUE"""),"BNT044") -> BNT044 | D47: =IFERROR(__xludf.DUMMYFUNCTION("""COMPUTED_VALUE"""),"Trisno Susanto") -> Trisno Susanto | E47: =IFERROR(__xludf.DUMMYFUNCTION("""COMPUTED_VALUE"""),"CME") -> CME | F47: =IFERROR(__xludf.DUMMYFUNCTION("""COMPUTED_VALUE"""),"Winda Sokenda") -> Winda Sokenda | G47: =IFERROR(__xludf.DUMMYFUNCTION("""COMPUTED_VALUE"""),"Barito Raya") -> Barito Raya | H47: =IFERROR(__xludf.DUMMYFUNCTION("""COMPUTED_VALUE"""),"Preventive") -> Preventive | I47: =IFERROR(__xludf.DUMMYFUNCTION("""COMPUTED_VALUE"""),"Preventive Maintenance") -> Preventive Maintenance | J47: =IFERROR(__xludf.DUMMYFUNCTION("""COMPUTED_VALUE"""),"On Progress") -> On Progress | K47: =IFERROR(__xludf.DUMMYFUNCTION("""COMPUTED_VALUE"""),46307.0) -> 46307 | L47: =IFERROR(__xludf.DUMMYFUNCTION("""COMPUTED_VALUE"""),46307.0) -> 46307 | M47: =IFERROR(__xludf.DUMMYFUNCTION("""COMPUTED_VALUE"""),"Done") -> Done | N47: =IFERROR(__xludf.DUMMYFUNCTION("""COMPUTED_VALUE"""),"PMS") -> PMS | O47: =IFERROR(VLOOKUP(C47,Sheet4!A47:F834,6,0),"") -> 11518049 | Q47: =LEFT(K47,2) -> 12
A48: =IFERROR(__xludf.DUMMYFUNCTION("""COMPUTED_VALUE"""),"PM") -> PM | B48: =IFERROR(__xludf.DUMMYFUNCTION("""COMPUTED_VALUE"""),"P2") -> P2 | C48: =IFERROR(__xludf.DUMMYFUNCTION("""COMPUTED_VALUE"""),"BNT044") -> BNT044 | D48: =IFERROR(__xludf.DUMMYFUNCTION("""COMPUTED_VALUE"""),"Khilal dawai katiri") -> Khilal dawai katiri | E48: =IFERROR(__xludf.DUMMYFUNCTION("""COMPUTED_VALUE"""),"MBP") -> MBP | F48: =IFERROR(__xludf.DUMMYFUNCTION("""COMPUTED_VALUE"""),"Winda Sokenda") -> Winda Sokenda | G48: =IFERROR(__xludf.DUMMYFUNCTION("""COMPUTED_VALUE"""),"Barito Raya") -> Barito Raya | H48: =IFERROR(__xludf.DUMMYFUNCTION("""COMPUTED_VALUE"""),"Preventive") -> Preventive | I48: =IFERROR(__xludf.DUMMYFUNCTION("""COMPUTED_VALUE"""),"Preventive Maintenance") -> Preventive Maintenance | J48: =IFERROR(__xludf.DUMMYFUNCTION("""COMPUTED_VALUE"""),"On Progress") -> On Progress | K48: =IFERROR(__xludf.DUMMYFUNCTION("""COMPUTED_VALUE"""),46307.0) -> 46307 | L48: =IFERROR(__xludf.DUMMYFUNCTION("""COMPUTED_VALUE"""),46307.0) -> 46307 | M48: =IFERROR(__xludf.DUMMYFUNCTION("""COMPUTED_VALUE"""),"Done") -> Done | N48: =IFERROR(__xludf.DUMMYFUNCTION("""COMPUTED_VALUE"""),"PMS") -> PMS | O48: =IFERROR(VLOOKUP(C48,Sheet4!A48:F835,6,0),"") -> 11518049 | Q48: =LEFT(K48,2) -> 12
A49: =IFERROR(__xludf.DUMMYFUNCTION("""COMPUTED_VALUE"""),"PM") -> PM | B49: =IFERROR(__xludf.DUMMYFUNCTION("""COMPUTED_VALUE"""),"P3") -> P3 | C49: =IFERROR(__xludf.DUMMYFUNCTION("""COMPUTED_VALUE"""),"MTW017 (PMG)") -> MTW017 (PMG) | D49: =IFERROR(__xludf.DUMMYFUNCTION("""COMPUTED_VALUE"""),"Riko setiadi") -> Riko setiadi | E49: =IFERROR(__xludf.DUMMYFUNCTION("""COMPUTED_VALUE"""),"CME") -> CME | F49: =IFERROR(__xludf.DUMMYFUNCTION("""COMPUTED_VALUE"""),"Winda Sokenda") -> Winda Sokenda | G49: =IFERROR(__xludf.DUMMYFUNCTION("""COMPUTED_VALUE"""),"Barito Raya") -> Barito Raya | H49: =IFERROR(__xludf.DUMMYFUNCTION("""COMPUTED_VALUE"""),"Preventive") -> Preventive | I49: =IFERROR(__xludf.DUMMYFUNCTION("""COMPUTED_VALUE"""),"Preventive Maintenance") -> Preventive Maintenance | J49: =IFERROR(__xludf.DUMMYFUNCTION("""COMPUTED_VALUE"""),"On Progress") -> On Progress | K49: =IFERROR(__xludf.DUMMYFUNCTION("""COMPUTED_VALUE"""),46307.0) -> 46307 | L49: =IFERROR(__xludf.DUMMYFUNCTION("""COMPUTED_VALUE"""),46307.0) -> 46307 | M49: =IFERROR(__xludf.DUMMYFUNCTION("""COMPUTED_VALUE"""),"Done") -> Done | N49: =IFERROR(__xludf.DUMMYFUNCTION("""COMPUTED_VALUE"""),"PMG") -> PMG | O49: =IFERROR(VLOOKUP(C49,Sheet4!A49:F836,6,0),"") | Q49: =LEFT(K49,2) -> 12
A50: =IFERROR(__xludf.DUMMYFUNCTION("""COMPUTED_VALUE"""),"Cell down") -> Cell down | B50: =IFERROR(__xludf.DUMMYFUNCTION("""COMPUTED_VALUE"""),"P1") -> P1 | C50: =IFERROR(__xludf.DUMMYFUNCTION("""COMPUTED_VALUE"""),"BNT006 ") -> BNT006 | D50: =IFERROR(__xludf.DUMMYFUNCTION("""COMPUTED_VALUE"""),"Putra wardana") -> Putra wardana | E50: =IFERROR(__xludf.DUMMYFUNCTION("""COMPUTED_VALUE"""),"TE") -> TE | F50: =IFERROR(__xludf.DUMMYFUNCTION("""COMPUTED_VALUE"""),"Winda Sokenda") -> Winda Sokenda | G50: =IFERROR(__xludf.DUMMYFUNCTION("""COMPUTED_VALUE"""),"Barito Raya") -> Barito Raya | H50: =IFERROR(__xludf.DUMMYFUNCTION("""COMPUTED_VALUE"""),"Corrective") -> Corrective | I50: =IFERROR(__xludf.DUMMYFUNCTION("""COMPUTED_VALUE"""),"Replace Optik,RRU/Soket Power/Replace GPS") -> Replace Optik,RRU/Soket Power/Replace GPS | J50: =IFERROR(__xludf.DUMMYFUNCTION("""COMPUTED_VALUE"""),"Waiting Material") -> Waiting Material | K50: =IFERROR(__xludf.DUMMYFUNCTION("""COMPUTED_VALUE"""),46308.0) -> 46308 | L50: =IFERROR(__xludf.DUMMYFUNCTION("""COMPUTED_VALUE"""),46308.0) -> 46308 | M50: =IFERROR(__xludf.DUMMYFUNCTION("""COMPUTED_VALUE"""),"Waiting Update") -> Waiting Update | N50: =IFERROR(__xludf.DUMMYFUNCTION("""COMPUTED_VALUE"""),"Waiting RRU") -> Waiting RRU | O50: =IFERROR(VLOOKUP(C50,Sheet4!A50:F837,6,0),"") | Q50: =LEFT(K50,2) -> 13
A51: =IFERROR(__xludf.DUMMYFUNCTION("""COMPUTED_VALUE"""),"Site Down") -> Site Down | B51: =IFERROR(__xludf.DUMMYFUNCTION("""COMPUTED_VALUE"""),"P1") -> P1 | C51: =IFERROR(__xludf.DUMMYFUNCTION("""COMPUTED_VALUE"""),"COH953") -> COH953 | D51: =IFERROR(__xludf.DUMMYFUNCTION("""COMPUTED_VALUE"""),"Sailillah") -> Sailillah | E51: =IFERROR(__xludf.DUMMYFUNCTION("""COMPUTED_VALUE"""),"TE") -> TE | F51: =IFERROR(__xludf.DUMMYFUNCTION("""COMPUTED_VALUE"""),"Winda Sokenda") -> Winda Sokenda | G51: =IFERROR(__xludf.DUMMYFUNCTION("""COMPUTED_VALUE"""),"Barito Raya") -> Barito Raya | H51: =IFERROR(__xludf.DUMMYFUNCTION("""COMPUTED_VALUE"""),"Corrective") -> Corrective | I51: =IFERROR(__xludf.DUMMYFUNCTION("""COMPUTED_VALUE"""),"Pemadaman,MCB Trip,Transmisi problem") -> Pemadaman,MCB Trip,Transmisi problem | J51: =IFERROR(__xludf.DUMMYFUNCTION("""COMPUTED_VALUE"""),"On Progress") -> On Progress | K51: =IFERROR(__xludf.DUMMYFUNCTION("""COMPUTED_VALUE"""),46308.0) -> 46308 | L51: =IFERROR(__xludf.DUMMYFUNCTION("""COMPUTED_VALUE"""),46308.0) -> 46308 | M51: =IFERROR(__xludf.DUMMYFUNCTION("""COMPUTED_VALUE"""),"Waiting Update") -> Waiting Update | N51: =IFERROR(__xludf.DUMMYFUNCTION("""COMPUTED_VALUE"""),"PMG") -> PMG | O51: =IFERROR(VLOOKUP(C51,Sheet4!A51:F838,6,0),"") | Q51: =LEFT(K51,2) -> 13
A52: =IFERROR(__xludf.DUMMYFUNCTION("""COMPUTED_VALUE"""),"Pengecekan battrey") -> Pengecekan battrey | B52: =IFERROR(__xludf.DUMMYFUNCTION("""COMPUTED_VALUE"""),"P2") -> P2 | C52: =IFERROR(__xludf.DUMMYFUNCTION("""COMPUTED_VALUE"""),"TML") -> TML | D52: =IFERROR(__xludf.DUMMYFUNCTION("""COMPUTED_VALUE"""),"Tiviansyah") -> Tiviansyah | E52: =IFERROR(__xludf.DUMMYFUNCTION("""COMPUTED_VALUE"""),"TE") -> TE | F52: =IFERROR(__xludf.DUMMYFUNCTION("""COMPUTED_VALUE"""),"Winda Sokenda") -> Winda Sokenda | G52: =IFERROR(__xludf.DUMMYFUNCTION("""COMPUTED_VALUE"""),"Barito Raya") -> Barito Raya | H52: =IFERROR(__xludf.DUMMYFUNCTION("""COMPUTED_VALUE"""),"Preventive") -> Preventive | I52: =IFERROR(__xludf.DUMMYFUNCTION("""COMPUTED_VALUE"""),"Pengukuran dan pengambilan data log serta input Gdoc BBT") -> Pengukuran dan pengambilan data log serta input Gdoc BBT | J52: =IFERROR(__xludf.DUMMYFUNCTION("""COMPUTED_VALUE"""),"On Progress") -> On Progress | K52: =IFERROR(__xludf.DUMMYFUNCTION("""COMPUTED_VALUE"""),46308.0) -> 46308 | L52: =IFERROR(__xludf.DUMMYFUNCTION("""COMPUTED_VALUE"""),46308.0) -> 46308 | M52: =IFERROR(__xludf.DUMMYFUNCTION("""COMPUTED_VALUE"""),"Waiting Update") -> Waiting Update | O52: =IFERROR(VLOOKUP(C52,Sheet4!A52:F839,6,0),"") | Q52: =LEFT(K52,2) -> 13
A53: =IFERROR(__xludf.DUMMYFUNCTION("""COMPUTED_VALUE"""),"Pengecekan battrey") -> Pengecekan battrey | B53: =IFERROR(__xludf.DUMMYFUNCTION("""COMPUTED_VALUE"""),"P2") -> P2 | C53: =IFERROR(__xludf.DUMMYFUNCTION("""COMPUTED_VALUE"""),"NTH079") -> NTH079 | D53: =IFERROR(__xludf.DUMMYFUNCTION("""COMPUTED_VALUE"""),"munawir akhmad") -> munawir akhmad | E53: =IFERROR(__xludf.DUMMYFUNCTION("""COMPUTED_VALUE"""),"TE") -> TE | F53: =IFERROR(__xludf.DUMMYFUNCTION("""COMPUTED_VALUE"""),"Winda Sokenda") -> Winda Sokenda | G53: =IFERROR(__xludf.DUMMYFUNCTION("""COMPUTED_VALUE"""),"Barito Raya") -> Barito Raya | H53: =IFERROR(__xludf.DUMMYFUNCTION("""COMPUTED_VALUE"""),"Preventive") -> Preventive | I53: =IFERROR(__xludf.DUMMYFUNCTION("""COMPUTED_VALUE"""),"Pengukuran dan pengambilan data log serta input Gdoc BBT") -> Pengukuran dan pengambilan data log serta input Gdoc BBT | J53: =IFERROR(__xludf.DUMMYFUNCTION("""COMPUTED_VALUE"""),"On Progress") -> On Progress | K53: =IFERROR(__xludf.DUMMYFUNCTION("""COMPUTED_VALUE"""),46308.0) -> 46308 | L53: =IFERROR(__xludf.DUMMYFUNCTION("""COMPUTED_VALUE"""),46308.0) -> 46308 | M53: =IFERROR(__xludf.DUMMYFUNCTION("""COMPUTED_VALUE"""),"Waiting Update") -> Waiting Update | O53: =IFERROR(VLOOKUP(C53,Sheet4!A53:F840,6,0),"") -> 11514599 | Q53: =LEFT(K53,2) -> 13
A54: =IFERROR(__xludf.DUMMYFUNCTION("""COMPUTED_VALUE"""),"Vswr") -> Vswr | B54: =IFERROR(__xludf.DUMMYFUNCTION("""COMPUTED_VALUE"""),"P1") -> P1 | C54: =IFERROR(__xludf.DUMMYFUNCTION("""COMPUTED_VALUE"""),"PRC051") -> PRC051 | D54: =IFERROR(__xludf.DUMMYFUNCTION("""COMPUTED_VALUE"""),"Murjani") -> Murjani | E54: =IFERROR(__xludf.DUMMYFUNCTION("""COMPUTED_VALUE"""),"TE") -> TE | F54: =IFERROR(__xludf.DUMMYFUNCTION("""COMPUTED_VALUE"""),"Winda Sokenda") -> Winda Sokenda | G54: =IFERROR(__xludf.DUMMYFUNCTION("""COMPUTED_VALUE"""),"Barito Raya") -> Barito Raya | H54: =IFERROR(__xludf.DUMMYFUNCTION("""COMPUTED_VALUE"""),"Corrective") -> Corrective | I54: =IFERROR(__xludf.DUMMYFUNCTION("""COMPUTED_VALUE"""),"Replace Jumper,antena/RRU") -> Replace Jumper,antena/RRU | J54: =IFERROR(__xludf.DUMMYFUNCTION("""COMPUTED_VALUE"""),"Waiting Material") -> Waiting Material | K54: =IFERROR(__xludf.DUMMYFUNCTION("""COMPUTED_VALUE"""),46308.0) -> 46308 | L54: =IFERROR(__xludf.DUMMYFUNCTION("""COMPUTED_VALUE"""),46308.0) -> 46308 | M54: =IFERROR(__xludf.DUMMYFUNCTION("""COMPUTED_VALUE"""),"Waiting Update") -> Waiting Update | N54: =IFERROR(__xludf.DUMMYFUNCTION("""COMPUTED_VALUE"""),"Waiting RRU") -> Waiting RRU | O54: =IFERROR(VLOOKUP(C54,Sheet4!A54:F841,6,0),"") -> 11459734 | Q54: =LEFT(K54,2) -> 13
A55: =IFERROR(__xludf.DUMMYFUNCTION("""COMPUTED_VALUE"""),"Pengecekan Power") -> Pengecekan Power | B55: =IFERROR(__xludf.DUMMYFUNCTION("""COMPUTED_VALUE"""),"P1") -> P1 | C55: =IFERROR(__xludf.DUMMYFUNCTION("""COMPUTED_VALUE"""),"KKP038") -> KKP038 | D55: =IFERROR(__xludf.DUMMYFUNCTION("""COMPUTED_VALUE"""),"Reynaldy Ricardo Putra") -> Reynaldy Ricardo Putra | E55: =IFERROR(__xludf.DUMMYFUNCTION("""COMPUTED_VALUE"""),"TE") -> TE | F55: =IFERROR(__xludf.DUMMYFUNCTION("""COMPUTED_VALUE"""),"Winda Sokenda") -> Winda Sokenda | G55: =IFERROR(__xludf.DUMMYFUNCTION("""COMPUTED_VALUE"""),"Barito Raya") -> Barito Raya | H55: =IFERROR(__xludf.DUMMYFUNCTION("""COMPUTED_VALUE"""),"Preventive") -> Preventive | I55: =IFERROR(__xludf.DUMMYFUNCTION("""COMPUTED_VALUE"""),"MCB trip/Power upnormal") -> MCB trip/Power upnormal | J55: =IFERROR(__xludf.DUMMYFUNCTION("""COMPUTED_VALUE"""),"On Progress") -> On Progress | K55: =IFERROR(__xludf.DUMMYFUNCTION("""COMPUTED_VALUE"""),46308.0) -> 46308 | L55: =IFERROR(__xludf.DUMMYFUNCTION("""COMPUTED_VALUE"""),46308.0) -> 46308 | M55: =IFERROR(__xludf.DUMMYFUNCTION("""COMPUTED_VALUE"""),"Waiting Update") -> Waiting Update | O55: =IFERROR(VLOOKUP(C55,Sheet4!A55:F842,6,0),"") -> 11438998 | Q55: =LEFT(K55,2) -> 13
A56: =IFERROR(__xludf.DUMMYFUNCTION("""COMPUTED_VALUE"""),"PM") -> PM | B56: =IFERROR(__xludf.DUMMYFUNCTION("""COMPUTED_VALUE"""),"P2") -> P2 | C56: =IFERROR(__xludf.DUMMYFUNCTION("""COMPUTED_VALUE"""),"KSN002") -> KSN002 | D56: =IFERROR(__xludf.DUMMYFUNCTION("""COMPUTED_VALUE"""),"Indra") -> Indra | E56: =IFERROR(__xludf.DUMMYFUNCTION("""COMPUTED_VALUE"""),"PM") -> PM | F56: =IFERROR(__xludf.DUMMYFUNCTION("""COMPUTED_VALUE"""),"Doni Damara") -> Doni Damara | G56: =IFERROR(__xludf.DUMMYFUNCTION("""COMPUTED_VALUE"""),"Palangkaraya") -> Palangkaraya | H56: =IFERROR(__xludf.DUMMYFUNCTION("""COMPUTED_VALUE"""),"Preventive") -> Preventive | I56: =IFERROR(__xludf.DUMMYFUNCTION("""COMPUTED_VALUE"""),"Preventive Maintenance") -> Preventive Maintenance | J56: =IFERROR(__xludf.DUMMYFUNCTION("""COMPUTED_VALUE"""),"On Progress") -> On Progress | K56: =IFERROR(__xludf.DUMMYFUNCTION("""COMPUTED_VALUE"""),46004.0) -> 46004 | L56: =IFERROR(__xludf.DUMMYFUNCTION("""COMPUTED_VALUE"""),46004.0) -> 46004 | M56: =IFERROR(__xludf.DUMMYFUNCTION("""COMPUTED_VALUE"""),"Pending") -> Pending | O56: =IFERROR(VLOOKUP(C56,Sheet4!A56:F843,6,0),"") -> 1126923 | Q56: =LEFT(K56,2) -> 13
A57: =IFERROR(__xludf.DUMMYFUNCTION("""COMPUTED_VALUE"""),"PM") -> PM | B57: =IFERROR(__xludf.DUMMYFUNCTION("""COMPUTED_VALUE"""),"P2") -> P2 | C57: =IFERROR(__xludf.DUMMYFUNCTION("""COMPUTED_VALUE"""),"PLK012") -> PLK012 | D57: =IFERROR(__xludf.DUMMYFUNCTION("""COMPUTED_VALUE"""),"Darli") -> Darli | E57: =IFERROR(__xludf.DUMMYFUNCTION("""COMPUTED_VALUE"""),"PM") -> PM | F57: =IFERROR(__xludf.DUMMYFUNCTION("""COMPUTED_VALUE"""),"Doni Damara") -> Doni Damara | G57: =IFERROR(__xludf.DUMMYFUNCTION("""COMPUTED_VALUE"""),"Palangkaraya") -> Palangkaraya | H57: =IFERROR(__xludf.DUMMYFUNCTION("""COMPUTED_VALUE"""),"Preventive") -> Preventive | I57: =IFERROR(__xludf.DUMMYFUNCTION("""COMPUTED_VALUE"""),"Preventive Maintenance") -> Preventive Maintenance | J57: =IFERROR(__xludf.DUMMYFUNCTION("""COMPUTED_VALUE"""),"On Progress") -> On Progress | K57: =IFERROR(__xludf.DUMMYFUNCTION("""COMPUTED_VALUE"""),46004.0) -> 46004 | L57: =IFERROR(__xludf.DUMMYFUNCTION("""COMPUTED_VALUE"""),46004.0) -> 46004 | M57: =IFERROR(__xludf.DUMMYFUNCTION("""COMPUTED_VALUE"""),"Done") -> Done | O57: =IFERROR(VLOOKUP(C57,Sheet4!A57:F844,6,0),"") -> 11376615 | Q57: =LEFT(K57,2) -> 13
A58: =IFERROR(__xludf.DUMMYFUNCTION("""COMPUTED_VALUE"""),"PM") -> PM | B58: =IFERROR(__xludf.DUMMYFUNCTION("""COMPUTED_VALUE"""),"P2") -> P2 | C58: =IFERROR(__xludf.DUMMYFUNCTION("""COMPUTED_VALUE"""),"PLK093") -> PLK093 | D58: =IFERROR(__xludf.DUMMYFUNCTION("""COMPUTED_VALUE"""),"AHMAD ARDIANTO FIRMANSYAH") -> AHMAD ARDIANTO FIRMANSYAH | E58: =IFERROR(__xludf.DUMMYFUNCTION("""COMPUTED_VALUE"""),"PM") -> PM | F58: =IFERROR(__xludf.DUMMYFUNCTION("""COMPUTED_VALUE"""),"Doni Damara") -> Doni Damara | G58: =IFERROR(__xludf.DUMMYFUNCTION("""COMPUTED_VALUE"""),"Palangkaraya") -> Palangkaraya | H58: =IFERROR(__xludf.DUMMYFUNCTION("""COMPUTED_VALUE"""),"Preventive") -> Preventive | I58: =IFERROR(__xludf.DUMMYFUNCTION("""COMPUTED_VALUE"""),"Preventive Maintenance") -> Preventive Maintenance | J58: =IFERROR(__xludf.DUMMYFUNCTION("""COMPUTED_VALUE"""),"On Progress") -> On Progress | K58: =IFERROR(__xludf.DUMMYFUNCTION("""COMPUTED_VALUE"""),46004.0) -> 46004 | L58: =IFERROR(__xludf.DUMMYFUNCTION("""COMPUTED_VALUE"""),46004.0) -> 46004 | M58: =IFERROR(__xludf.DUMMYFUNCTION("""COMPUTED_VALUE"""),"Done") -> Done | O58: =IFERROR(VLOOKUP(C58,Sheet4!A58:F845,6,0),"") -> 11389818 | Q58: =LEFT(K58,2) -> 13
A59: =IFERROR(__xludf.DUMMYFUNCTION("""COMPUTED_VALUE"""),"Standby On Call") -> Standby On Call | B59: =IFERROR(__xludf.DUMMYFUNCTION("""COMPUTED_VALUE"""),"P3") -> P3 | D59: =IFERROR(__xludf.DUMMYFUNCTION("""COMPUTED_VALUE"""),"Purwanto") -> Purwanto | E59: =IFERROR(__xludf.DUMMYFUNCTION("""COMPUTED_VALUE"""),"MBP") -> MBP | F59: =IFERROR(__xludf.DUMMYFUNCTION("""COMPUTED_VALUE"""),"Doni Damara") -> Doni Damara | G59: =IFERROR(__xludf.DUMMYFUNCTION("""COMPUTED_VALUE"""),"Palangkaraya") -> Palangkaraya | H59: =IFERROR(__xludf.DUMMYFUNCTION("""COMPUTED_VALUE"""),"Standby") -> Standby | I59: =IFERROR(__xludf.DUMMYFUNCTION("""COMPUTED_VALUE"""),"Standby On Call") -> Standby On Call | J59: =IFERROR(__xludf.DUMMYFUNCTION("""COMPUTED_VALUE"""),"Standby") -> Standby | K59: =IFERROR(__xludf.DUMMYFUNCTION("""COMPUTED_VALUE"""),46004.0) -> 46004 | L59: =IFERROR(__xludf.DUMMYFUNCTION("""COMPUTED_VALUE"""),46004.0) -> 46004 | M59: =IFERROR(__xludf.DUMMYFUNCTION("""COMPUTED_VALUE"""),"Waiting Update") -> Waiting Update | O59: =IFERROR(VLOOKUP(C59,Sheet4!A59:F846,6,0),"") | Q59: =LEFT(K59,2) -> 13
A60: =IFERROR(__xludf.DUMMYFUNCTION("""COMPUTED_VALUE"""),"Standby On Call") -> Standby On Call | B60: =IFERROR(__xludf.DUMMYFUNCTION("""COMPUTED_VALUE"""),"P3") -> P3 | D60: =IFERROR(__xludf.DUMMYFUNCTION("""COMPUTED_VALUE"""),"Sairaji") -> Sairaji | E60: =IFERROR(__xludf.DUMMYFUNCTION("""COMPUTED_VALUE"""),"MBP") -> MBP | F60: =IFERROR(__xludf.DUMMYFUNCTION("""COMPUTED_VALUE"""),"Doni Damara") -> Doni Damara | G60: =IFERROR(__xludf.DUMMYFUNCTION("""COMPUTED_VALUE"""),"Palangkaraya") -> Palangkaraya | H60: =IFERROR(__xludf.DUMMYFUNCTION("""COMPUTED_VALUE"""),"Standby") -> Standby | I60: =IFERROR(__xludf.DUMMYFUNCTION("""COMPUTED_VALUE"""),"Standby On Call") -> Standby On Call | J60: =IFERROR(__xludf.DUMMYFUNCTION("""COMPUTED_VALUE"""),"Standby") -> Standby | K60: =IFERROR(__xludf.DUMMYFUNCTION("""COMPUTED_VALUE"""),46004.0) -> 46004 | L60: =IFERROR(__xludf.DUMMYFUNCTION("""COMPUTED_VALUE"""),46004.0) -> 46004 | M60: =IFERROR(__xludf.DUMMYFUNCTION("""COMPUTED_VALUE"""),"Waiting Update") -> Waiting Update | O60: =IFERROR(VLOOKUP(C60,Sheet4!A60:F847,6,0),"") | Q60: =LEFT(K60,2) -> 13
A61: =IFERROR(__xludf.DUMMYFUNCTION("""COMPUTED_VALUE"""),"Standby On Call") -> Standby On Call | B61: =IFERROR(__xludf.DUMMYFUNCTION("""COMPUTED_VALUE"""),"P3") -> P3 | D61: =IFERROR(__xludf.DUMMYFUNCTION("""COMPUTED_VALUE"""),"Sarwono") -> Sarwono | E61: =IFERROR(__xludf.DUMMYFUNCTION("""COMPUTED_VALUE"""),"CME") -> CME | F61: =IFERROR(__xludf.DUMMYFUNCTION("""COMPUTED_VALUE"""),"Doni Damara") -> Doni Damara | G61: =IFERROR(__xludf.DUMMYFUNCTION("""COMPUTED_VALUE"""),"Palangkaraya") -> Palangkaraya | H61: =IFERROR(__xludf.DUMMYFUNCTION("""COMPUTED_VALUE"""),"Standby") -> Standby | I61: =IFERROR(__xludf.DUMMYFUNCTION("""COMPUTED_VALUE"""),"Standby On Call") -> Standby On Call | J61: =IFERROR(__xludf.DUMMYFUNCTION("""COMPUTED_VALUE"""),"Standby") -> Standby | K61: =IFERROR(__xludf.DUMMYFUNCTION("""COMPUTED_VALUE"""),46004.0) -> 46004 | L61: =IFERROR(__xludf.DUMMYFUNCTION("""COMPUTED_VALUE"""),46004.0) -> 46004 | M61: =IFERROR(__xludf.DUMMYFUNCTION("""COMPUTED_VALUE"""),"Waiting Update") -> Waiting Update | O61: =IFERROR(VLOOKUP(C61,Sheet4!A61:F848,6,0),"") | Q61: =LEFT(K61,2) -> 13
A62: =IFERROR(__xludf.DUMMYFUNCTION("""COMPUTED_VALUE"""),"Standby On Call") -> Standby On Call | B62: =IFERROR(__xludf.DUMMYFUNCTION("""COMPUTED_VALUE"""),"P3") -> P3 | D62: =IFERROR(__xludf.DUMMYFUNCTION("""COMPUTED_VALUE"""),"Fajrianur wahid") -> Fajrianur wahid | E62: =IFERROR(__xludf.DUMMYFUNCTION("""COMPUTED_VALUE"""),"TE") -> TE | F62: =IFERROR(__xludf.DUMMYFUNCTION("""COMPUTED_VALUE"""),"Doni Damara") -> Doni Damara | G62: =IFERROR(__xludf.DUMMYFUNCTION("""COMPUTED_VALUE"""),"Palangkaraya") -> Palangkaraya | H62: =IFERROR(__xludf.DUMMYFUNCTION("""COMPUTED_VALUE"""),"Standby") -> Standby | I62: =IFERROR(__xludf.DUMMYFUNCTION("""COMPUTED_VALUE"""),"Standby On Call") -> Standby On Call | J62: =IFERROR(__xludf.DUMMYFUNCTION("""COMPUTED_VALUE"""),"Standby") -> Standby | K62: =IFERROR(__xludf.DUMMYFUNCTION("""COMPUTED_VALUE"""),46004.0) -> 46004 | L62: =IFERROR(__xludf.DUMMYFUNCTION("""COMPUTED_VALUE"""),46004.0) -> 46004 | M62: =IFERROR(__xludf.DUMMYFUNCTION("""COMPUTED_VALUE"""),"Waiting Update") -> Waiting Update | O62: =IFERROR(VLOOKUP(C62,Sheet4!A62:F849,6,0),"") | Q62: =LEFT(K62,2) -> 13
A63: =IFERROR(__xludf.DUMMYFUNCTION("""COMPUTED_VALUE"""),"Site Down") -> Site Down | B63: =IFERROR(__xludf.DUMMYFUNCTION("""COMPUTED_VALUE"""),"P1") -> P1 | C63: =IFERROR(__xludf.DUMMYFUNCTION("""COMPUTED_VALUE"""),"PPS007") -> PPS007 | D63: =IFERROR(__xludf.DUMMYFUNCTION("""COMPUTED_VALUE"""),"Agus muliana pamungkas") -> Agus muliana pamungkas | E63: =IFERROR(__xludf.DUMMYFUNCTION("""COMPUTED_VALUE"""),"MBP") -> MBP | F63: =IFERROR(__xludf.DUMMYFUNCTION("""COMPUTED_VALUE"""),"Doni Damara") -> Doni Damara | G63: =IFERROR(__xludf.DUMMYFUNCTION("""COMPUTED_VALUE"""),"Palangkaraya") -> Palangkaraya | H63: =IFERROR(__xludf.DUMMYFUNCTION("""COMPUTED_VALUE"""),"Corrective") -> Corrective | I63: =IFERROR(__xludf.DUMMYFUNCTION("""COMPUTED_VALUE"""),"Pemadaman,MCB Trip,Transmisi problem") -> Pemadaman,MCB Trip,Transmisi problem | J63: =IFERROR(__xludf.DUMMYFUNCTION("""COMPUTED_VALUE"""),"On Progress") -> On Progress | K63: =IFERROR(__xludf.DUMMYFUNCTION("""COMPUTED_VALUE"""),46004.0) -> 46004 | L63: =IFERROR(__xludf.DUMMYFUNCTION("""COMPUTED_VALUE"""),46004.0) -> 46004 | M63: =IFERROR(__xludf.DUMMYFUNCTION("""COMPUTED_VALUE"""),"Done") -> Done | O63: =IFERROR(VLOOKUP(C63,Sheet4!A63:F850,6,0),"") -> 11415633 | Q63: =LEFT(K63,2) -> 13
A64: =IFERROR(__xludf.DUMMYFUNCTION("""COMPUTED_VALUE"""),"Standby On Call") -> Standby On Call | B64: =IFERROR(__xludf.DUMMYFUNCTION("""COMPUTED_VALUE"""),"P3") -> P3 | D64: =IFERROR(__xludf.DUMMYFUNCTION("""COMPUTED_VALUE"""),"Harun Nurasyid") -> Harun Nurasyid | E64: =IFERROR(__xludf.DUMMYFUNCTION("""COMPUTED_VALUE"""),"CME") -> CME | F64: =IFERROR(__xludf.DUMMYFUNCTION("""COMPUTED_VALUE"""),"Winda Sokenda") -> Winda Sokenda | G64: =IFERROR(__xludf.DUMMYFUNCTION("""COMPUTED_VALUE"""),"Barito Raya") -> Barito Raya | H64: =IFERROR(__xludf.DUMMYFUNCTION("""COMPUTED_VALUE"""),"Standby") -> Standby | I64: =IFERROR(__xludf.DUMMYFUNCTION("""COMPUTED_VALUE"""),"Standby On Call") -> Standby On Call | J64: =IFERROR(__xludf.DUMMYFUNCTION("""COMPUTED_VALUE"""),"Standby") -> Standby | K64: =IFERROR(__xludf.DUMMYFUNCTION("""COMPUTED_VALUE"""),3698431.0) -> 3698431 | L64: =IFERROR(__xludf.DUMMYFUNCTION("""COMPUTED_VALUE"""),3698431.0) -> 3698431 | M64: =IFERROR(__xludf.DUMMYFUNCTION("""COMPUTED_VALUE"""),"Waiting Update") -> Waiting Update | O64: =IFERROR(VLOOKUP(C64,Sheet4!A64:F851,6,0),"") | Q64: =LEFT(K64,2) -> 15
A65: =IFERROR(__xludf.DUMMYFUNCTION("""COMPUTED_VALUE"""),"Standby On Call") -> Standby On Call | B65: =IFERROR(__xludf.DUMMYFUNCTION("""COMPUTED_VALUE"""),"P3") -> P3 | D65: =IFERROR(__xludf.DUMMYFUNCTION("""COMPUTED_VALUE"""),"Nurhayat") -> Nurhayat | E65: =IFERROR(__xludf.DUMMYFUNCTION("""COMPUTED_VALUE"""),"MBP") -> MBP | F65: =IFERROR(__xludf.DUMMYFUNCTION("""COMPUTED_VALUE"""),"Winda Sokenda") -> Winda Sokenda | G65: =IFERROR(__xludf.DUMMYFUNCTION("""COMPUTED_VALUE"""),"Barito Raya") -> Barito Raya | H65: =IFERROR(__xludf.DUMMYFUNCTION("""COMPUTED_VALUE"""),"Standby") -> Standby | I65: =IFERROR(__xludf.DUMMYFUNCTION("""COMPUTED_VALUE"""),"Standby On Call") -> Standby On Call | J65: =IFERROR(__xludf.DUMMYFUNCTION("""COMPUTED_VALUE"""),"Standby") -> Standby | K65: =IFERROR(__xludf.DUMMYFUNCTION("""COMPUTED_VALUE"""),3698431.0) -> 3698431 | L65: =IFERROR(__xludf.DUMMYFUNCTION("""COMPUTED_VALUE"""),3698431.0) -> 3698431 | M65: =IFERROR(__xludf.DUMMYFUNCTION("""COMPUTED_VALUE"""),"Waiting Update") -> Waiting Update | O65: =IFERROR(VLOOKUP(C65,Sheet4!A65:F852,6,0),"") | Q65: =LEFT(K65,2) -> 15
A66: =IFERROR(__xludf.DUMMYFUNCTION("""COMPUTED_VALUE"""),"Pengecekan battrey") -> Pengecekan battrey | B66: =IFERROR(__xludf.DUMMYFUNCTION("""COMPUTED_VALUE"""),"P2") -> P2 | C66: =IFERROR(__xludf.DUMMYFUNCTION("""COMPUTED_VALUE"""),"BNT008") -> BNT008 | D66: =IFERROR(__xludf.DUMMYFUNCTION("""COMPUTED_VALUE"""),"Putra wardana") -> Putra wardana | E66: =IFERROR(__xludf.DUMMYFUNCTION("""COMPUTED_VALUE"""),"TE") -> TE | F66: =IFERROR(__xludf.DUMMYFUNCTION("""COMPUTED_VALUE"""),"Winda Sokenda") -> Winda Sokenda | G66: =IFERROR(__xludf.DUMMYFUNCTION("""COMPUTED_VALUE"""),"Barito Raya") -> Barito Raya | H66: =IFERROR(__xludf.DUMMYFUNCTION("""COMPUTED_VALUE"""),"Preventive") -> Preventive | I66: =IFERROR(__xludf.DUMMYFUNCTION("""COMPUTED_VALUE"""),"Pengukuran dan pengambilan data log serta input Gdoc BBT") -> Pengukuran dan pengambilan data log serta input Gdoc BBT | J66: =IFERROR(__xludf.DUMMYFUNCTION("""COMPUTED_VALUE"""),"On Progress") -> On Progress | K66: =IFERROR(__xludf.DUMMYFUNCTION("""COMPUTED_VALUE"""),3698431.0) -> 3698431 | L66: =IFERROR(__xludf.DUMMYFUNCTION("""COMPUTED_VALUE"""),3698431.0) -> 3698431 | M66: =IFERROR(__xludf.DUMMYFUNCTION("""COMPUTED_VALUE"""),"Done") -> Done | O66: =IFERROR(VLOOKUP(C66,Sheet4!A66:F853,6,0),"") | Q66: =LEFT(K66,2) -> 15
A67: =IFERROR(__xludf.DUMMYFUNCTION("""COMPUTED_VALUE"""),"Pengecekan battrey") -> Pengecekan battrey | B67: =IFERROR(__xludf.DUMMYFUNCTION("""COMPUTED_VALUE"""),"P2") -> P2 | C67: =IFERROR(__xludf.DUMMYFUNCTION("""COMPUTED_VALUE"""),"TML113") -> TML113 | D67: =IFERROR(__xludf.DUMMYFUNCTION("""COMPUTED_VALUE"""),"Sailillah") -> Sailillah | E67: =IFERROR(__xludf.DUMMYFUNCTION("""COMPUTED_VALUE"""),"TE") -> TE | F67: =IFERROR(__xludf.DUMMYFUNCTION("""COMPUTED_VALUE"""),"Winda Sokenda") -> Winda Sokenda | G67: =IFERROR(__xludf.DUMMYFUNCTION("""COMPUTED_VALUE"""),"Barito Raya") -> Barito Raya | H67: =IFERROR(__xludf.DUMMYFUNCTION("""COMPUTED_VALUE"""),"Preventive") -> Preventive | I67: =IFERROR(__xludf.DUMMYFUNCTION("""COMPUTED_VALUE"""),"Pengukuran dan pengambilan data log serta input Gdoc BBT") -> Pengukuran dan pengambilan data log serta input Gdoc BBT | J67: =IFERROR(__xludf.DUMMYFUNCTION("""COMPUTED_VALUE"""),"On Progress") -> On Progress | K67: =IFERROR(__xludf.DUMMYFUNCTION("""COMPUTED_VALUE"""),3698431.0) -> 3698431 | L67: =IFERROR(__xludf.DUMMYFUNCTION("""COMPUTED_VALUE"""),3698431.0) -> 3698431 | M67: =IFERROR(__xludf.DUMMYFUNCTION("""COMPUTED_VALUE"""),"Done") -> Done | O67: =IFERROR(VLOOKUP(C67,Sheet4!A67:F854,6,0),"") -> 11519692 | Q67: =LEFT(K67,2) -> 15
A68: =IFERROR(__xludf.DUMMYFUNCTION("""COMPUTED_VALUE"""),"PM") -> PM | B68: =IFERROR(__xludf.DUMMYFUNCTION("""COMPUTED_VALUE"""),"P2") -> P2 | C68: =IFERROR(__xludf.DUMMYFUNCTION("""COMPUTED_VALUE"""),"KKP008") -> KKP008 | D68: =IFERROR(__xludf.DUMMYFUNCTION("""COMPUTED_VALUE"""),"Khilal dawai katiri") -> Khilal dawai katiri | E68: =IFERROR(__xludf.DUMMYFUNCTION("""COMPUTED_VALUE"""),"MBP") -> MBP | F68: =IFERROR(__xludf.DUMMYFUNCTION("""COMPUTED_VALUE"""),"Winda Sokenda") -> Winda Sokenda | G68: =IFERROR(__xludf.DUMMYFUNCTION("""COMPUTED_VALUE"""),"Barito Raya") -> Barito Raya | H68: =IFERROR(__xludf.DUMMYFUNCTION("""COMPUTED_VALUE"""),"Preventive") -> Preventive | I68: =IFERROR(__xludf.DUMMYFUNCTION("""COMPUTED_VALUE"""),"Preventive Maintenance") -> Preventive Maintenance | J68: =IFERROR(__xludf.DUMMYFUNCTION("""COMPUTED_VALUE"""),"On Progress") -> On Progress | K68: =IFERROR(__xludf.DUMMYFUNCTION("""COMPUTED_VALUE"""),3698431.0) -> 3698431 | L68: =IFERROR(__xludf.DUMMYFUNCTION("""COMPUTED_VALUE"""),3698431.0) -> 3698431 | M68: =IFERROR(__xludf.DUMMYFUNCTION("""COMPUTED_VALUE"""),"Pending") -> Pending | N68: =IFERROR(__xludf.DUMMYFUNCTION("""COMPUTED_VALUE"""),"Lanjut 16/12/2025, kemarin mobil amblas") -> Lanjut 16/12/2025, kemarin mobil amblas | O68: =IFERROR(VLOOKUP(C68,Sheet4!A68:F855,6,0),"") -> 11436101 | Q68: =LEFT(K68,2) -> 15
A69: =IFERROR(__xludf.DUMMYFUNCTION("""COMPUTED_VALUE"""),"PM") -> PM | B69: =IFERROR(__xludf.DUMMYFUNCTION("""COMPUTED_VALUE"""),"P2") -> P2 | C69: =IFERROR(__xludf.DUMMYFUNCTION("""COMPUTED_VALUE"""),"KKP008") -> KKP008 | D69: =IFERROR(__xludf.DUMMYFUNCTION("""COMPUTED_VALUE"""),"Trisno Susanto") -> Trisno Susanto | E69: =IFERROR(__xludf.DUMMYFUNCTION("""COMPUTED_VALUE"""),"PM") -> PM | F69: =IFERROR(__xludf.DUMMYFUNCTION("""COMPUTED_VALUE"""),"Winda Sokenda") -> Winda Sokenda | G69: =IFERROR(__xludf.DUMMYFUNCTION("""COMPUTED_VALUE"""),"Barito Raya") -> Barito Raya | H69: =IFERROR(__xludf.DUMMYFUNCTION("""COMPUTED_VALUE"""),"Preventive") -> Preventive | I69: =IFERROR(__xludf.DUMMYFUNCTION("""COMPUTED_VALUE"""),"Preventive Maintenance") -> Preventive Maintenance | J69: =IFERROR(__xludf.DUMMYFUNCTION("""COMPUTED_VALUE"""),"On Progress") -> On Progress | K69: =IFERROR(__xludf.DUMMYFUNCTION("""COMPUTED_VALUE"""),3698431.0) -> 3698431 | L69: =IFERROR(__xludf.DUMMYFUNCTION("""COMPUTED_VALUE"""),3698431.0) -> 3698431 | M69: =IFERROR(__xludf.DUMMYFUNCTION("""COMPUTED_VALUE"""),"Pending") -> Pending | N69: =IFERROR(__xludf.DUMMYFUNCTION("""COMPUTED_VALUE"""),"Lanjut 16/12/2025, kemarin mobil amblas") -> Lanjut 16/12/2025, kemarin mobil amblas | O69: =IFERROR(VLOOKUP(C69,Sheet4!A69:F856,6,0),"") -> 11436101 | Q69: =LEFT(K69,2) -> 15
A70: =IFERROR(__xludf.DUMMYFUNCTION("""COMPUTED_VALUE"""),"PM") -> PM | B70: =IFERROR(__xludf.DUMMYFUNCTION("""COMPUTED_VALUE"""),"P2") -> P2 | C70: =IFERROR(__xludf.DUMMYFUNCTION("""COMPUTED_VALUE"""),"MTW071") -> MTW071 | D70: =IFERROR(__xludf.DUMMYFUNCTION("""COMPUTED_VALUE"""),"Riko setiadi") -> Riko setiadi | E70: =IFERROR(__xludf.DUMMYFUNCTION("""COMPUTED_VALUE"""),"PM") -> PM | F70: =IFERROR(__xludf.DUMMYFUNCTION("""COMPUTED_VALUE"""),"Winda Sokenda") -> Winda Sokenda | G70: =IFERROR(__xludf.DUMMYFUNCTION("""COMPUTED_VALUE"""),"Barito Raya") -> Barito Raya | H70: =IFERROR(__xludf.DUMMYFUNCTION("""COMPUTED_VALUE"""),"Preventive") -> Preventive | I70: =IFERROR(__xludf.DUMMYFUNCTION("""COMPUTED_VALUE"""),"Preventive Maintenance") -> Preventive Maintenance | J70: =IFERROR(__xludf.DUMMYFUNCTION("""COMPUTED_VALUE"""),"On Progress") -> On Progress | K70: =IFERROR(__xludf.DUMMYFUNCTION("""COMPUTED_VALUE"""),3698431.0) -> 3698431 | L70: =IFERROR(__xludf.DUMMYFUNCTION("""COMPUTED_VALUE"""),3698431.0) -> 3698431 | M70: =IFERROR(__xludf.DUMMYFUNCTION("""COMPUTED_VALUE"""),"Done") -> Done | O70: =IFERROR(VLOOKUP(C70,Sheet4!A70:F857,6,0),"") -> 11489885 | Q70: =LEFT(K70,2) -> 15
A71: =IFERROR(__xludf.DUMMYFUNCTION("""COMPUTED_VALUE"""),"Pengecekan Power") -> Pengecekan Power | B71: =IFERROR(__xludf.DUMMYFUNCTION("""COMPUTED_VALUE"""),"P1") -> P1 | C71: =IFERROR(__xludf.DUMMYFUNCTION("""COMPUTED_VALUE"""),"KKP225") -> KKP225 | D71: =IFERROR(__xludf.DUMMYFUNCTION("""COMPUTED_VALUE"""),"Alfi Syahri") -> Alfi Syahri | E71: =IFERROR(__xludf.DUMMYFUNCTION("""COMPUTED_VALUE"""),"CME") -> CME | F71: =IFERROR(__xludf.DUMMYFUNCTION("""COMPUTED_VALUE"""),"Winda Sokenda") -> Winda Sokenda | G71: =IFERROR(__xludf.DUMMYFUNCTION("""COMPUTED_VALUE"""),"Barito Raya") -> Barito Raya | H71: =IFERROR(__xludf.DUMMYFUNCTION("""COMPUTED_VALUE"""),"Preventive") -> Preventive | I71: =IFERROR(__xludf.DUMMYFUNCTION("""COMPUTED_VALUE"""),"MCB trip/Power upnormal") -> MCB trip/Power upnormal | J71: =IFERROR(__xludf.DUMMYFUNCTION("""COMPUTED_VALUE"""),"On Progress") -> On Progress | K71: =IFERROR(__xludf.DUMMYFUNCTION("""COMPUTED_VALUE"""),3698431.0) -> 3698431 | L71: =IFERROR(__xludf.DUMMYFUNCTION("""COMPUTED_VALUE"""),3698431.0) -> 3698431 | M71: =IFERROR(__xludf.DUMMYFUNCTION("""COMPUTED_VALUE"""),"Done") -> Done | O71: =IFERROR(VLOOKUP(C71,Sheet4!A71:F858,6,0),"") -> 11439398 | Q71: =LEFT(K71,2) -> 15
A72: =IFERROR(__xludf.DUMMYFUNCTION("""COMPUTED_VALUE"""),"Vswr") -> Vswr | B72: =IFERROR(__xludf.DUMMYFUNCTION("""COMPUTED_VALUE"""),"P1") -> P1 | C72: =IFERROR(__xludf.DUMMYFUNCTION("""COMPUTED_VALUE"""),"KKP067") -> KKP067 | D72: =IFERROR(__xludf.DUMMYFUNCTION("""COMPUTED_VALUE"""),"Riki Hidayat") -> Riki Hidayat | E72: =IFERROR(__xludf.DUMMYFUNCTION("""COMPUTED_VALUE"""),"TE") -> TE | F72: =IFERROR(__xludf.DUMMYFUNCTION("""COMPUTED_VALUE"""),"Winda Sokenda") -> Winda Sokenda | G72: =IFERROR(__xludf.DUMMYFUNCTION("""COMPUTED_VALUE"""),"Barito Raya") -> Barito Raya | H72: =IFERROR(__xludf.DUMMYFUNCTION("""COMPUTED_VALUE"""),"Corrective") -> Corrective | I72: =IFERROR(__xludf.DUMMYFUNCTION("""COMPUTED_VALUE"""),"Replace Jumper,antena/RRU") -> Replace Jumper,antena/RRU | J72: =IFERROR(__xludf.DUMMYFUNCTION("""COMPUTED_VALUE"""),"On Progress") -> On Progress | K72: =IFERROR(__xludf.DUMMYFUNCTION("""COMPUTED_VALUE"""),3698431.0) -> 3698431 | L72: =IFERROR(__xludf.DUMMYFUNCTION("""COMPUTED_VALUE"""),3698431.0) -> 3698431 | M72: =IFERROR(__xludf.DUMMYFUNCTION("""COMPUTED_VALUE"""),"Pending") -> Pending | N72: =IFERROR(__xludf.DUMMYFUNCTION("""COMPUTED_VALUE"""),"Lanjut 16/12/2025 ") -> Lanjut 16/12/2025 | O72: =IFERROR(VLOOKUP(C72,Sheet4!A72:F859,6,0),"") | Q72: =LEFT(K72,2) -> 15
A73: =IFERROR(__xludf.DUMMYFUNCTION("""COMPUTED_VALUE"""),"Standby On Call") -> Standby On Call | B73: =IFERROR(__xludf.DUMMYFUNCTION("""COMPUTED_VALUE"""),"P3") -> P3 | D73: =IFERROR(__xludf.DUMMYFUNCTION("""COMPUTED_VALUE"""),"Dayatullah") -> Dayatullah | E73: =IFERROR(__xludf.DUMMYFUNCTION("""COMPUTED_VALUE"""),"MBP") -> MBP | F73: =IFERROR(__xludf.DUMMYFUNCTION("""COMPUTED_VALUE"""),"Winda Sokenda") -> Winda Sokenda | G73: =IFERROR(__xludf.DUMMYFUNCTION("""COMPUTED_VALUE"""),"Barito Raya") -> Barito Raya | H73: =IFERROR(__xludf.DUMMYFUNCTION("""COMPUTED_VALUE"""),"Standby") -> Standby | I73: =IFERROR(__xludf.DUMMYFUNCTION("""COMPUTED_VALUE"""),"Standby On Call") -> Standby On Call | J73: =IFERROR(__xludf.DUMMYFUNCTION("""COMPUTED_VALUE"""),"Standby") -> Standby | K73: =IFERROR(__xludf.DUMMYFUNCTION("""COMPUTED_VALUE"""),3698431.0) -> 3698431 | L73: =IFERROR(__xludf.DUMMYFUNCTION("""COMPUTED_VALUE"""),3698431.0) -> 3698431 | M73: =IFERROR(__xludf.DUMMYFUNCTION("""COMPUTED_VALUE"""),"Waiting Update") -> Waiting Update | O73: =IFERROR(VLOOKUP(C73,Sheet4!A73:F860,6,0),"") | Q73: =LEFT(K73,2) -> 15
A74: =IFERROR(__xludf.DUMMYFUNCTION("""COMPUTED_VALUE"""),"Standby On Call") -> Standby On Call | B74: =IFERROR(__xludf.DUMMYFUNCTION("""COMPUTED_VALUE"""),"P3") -> P3 | D74: =IFERROR(__xludf.DUMMYFUNCTION("""COMPUTED_VALUE"""),"Taklim") -> Taklim | E74: =IFERROR(__xludf.DUMMYFUNCTION("""COMPUTED_VALUE"""),"MBP") -> MBP | F74: =IFERROR(__xludf.DUMMYFUNCTION("""COMPUTED_VALUE"""),"Winda Sokenda") -> Winda Sokenda | G74: =IFERROR(__xludf.DUMMYFUNCTION("""COMPUTED_VALUE"""),"Barito Raya") -> Barito Raya | H74: =IFERROR(__xludf.DUMMYFUNCTION("""COMPUTED_VALUE"""),"Standby") -> Standby | I74: =IFERROR(__xludf.DUMMYFUNCTION("""COMPUTED_VALUE"""),"Standby On Call") -> Standby On Call | J74: =IFERROR(__xludf.DUMMYFUNCTION("""COMPUTED_VALUE"""),"Standby") -> Standby | K74: =IFERROR(__xludf.DUMMYFUNCTION("""COMPUTED_VALUE"""),3698431.0) -> 3698431 | L74: =IFERROR(__xludf.DUMMYFUNCTION("""COMPUTED_VALUE"""),3698431.0) -> 3698431 | M74: =IFERROR(__xludf.DUMMYFUNCTION("""COMPUTED_VALUE"""),"Waiting Update") -> Waiting Update | O74: =IFERROR(VLOOKUP(C74,Sheet4!A74:F861,6,0),"") | Q74: =LEFT(K74,2) -> 15
A75: =IFERROR(__xludf.DUMMYFUNCTION("""COMPUTED_VALUE"""),"Pengecekan battrey") -> Pengecekan battrey | B75: =IFERROR(__xludf.DUMMYFUNCTION("""COMPUTED_VALUE"""),"P2") -> P2 | C75: =IFERROR(__xludf.DUMMYFUNCTION("""COMPUTED_VALUE"""),"TML082") -> TML082 | D75: =IFERROR(__xludf.DUMMYFUNCTION("""COMPUTED_VALUE"""),"Tiviansyah") -> Tiviansyah | E75: =IFERROR(__xludf.DUMMYFUNCTION("""COMPUTED_VALUE"""),"TE") -> TE | F75: =IFERROR(__xludf.DUMMYFUNCTION("""COMPUTED_VALUE"""),"Winda Sokenda") -> Winda Sokenda | G75: =IFERROR(__xludf.DUMMYFUNCTION("""COMPUTED_VALUE"""),"Barito Raya") -> Barito Raya | H75: =IFERROR(__xludf.DUMMYFUNCTION("""COMPUTED_VALUE"""),"Preventive") -> Preventive | I75: =IFERROR(__xludf.DUMMYFUNCTION("""COMPUTED_VALUE"""),"Pengukuran dan pengambilan data log serta input Gdoc BBT") -> Pengukuran dan pengambilan data log serta input Gdoc BBT | J75: =IFERROR(__xludf.DUMMYFUNCTION("""COMPUTED_VALUE"""),"On Progress") -> On Progress | K75: =IFERROR(__xludf.DUMMYFUNCTION("""COMPUTED_VALUE"""),3698431.0) -> 3698431 | L75: =IFERROR(__xludf.DUMMYFUNCTION("""COMPUTED_VALUE"""),3698431.0) -> 3698431 | M75: =IFERROR(__xludf.DUMMYFUNCTION("""COMPUTED_VALUE"""),"Waiting Update") -> Waiting Update | O75: =IFERROR(VLOOKUP(C75,Sheet4!A75:F862,6,0),"") -> 11512014 | Q75: =LEFT(K75,2) -> 15
A76: =IFERROR(__xludf.DUMMYFUNCTION("""COMPUTED_VALUE"""),"Vswr") -> Vswr | B76: =IFERROR(__xludf.DUMMYFUNCTION("""COMPUTED_VALUE"""),"P1") -> P1 | C76: =IFERROR(__xludf.DUMMYFUNCTION("""COMPUTED_VALUE"""),"KKP087") -> KKP087 | D76: =IFERROR(__xludf.DUMMYFUNCTION("""COMPUTED_VALUE"""),"Reynaldy Ricardo Putra") -> Reynaldy Ricardo Putra | E76: =IFERROR(__xludf.DUMMYFUNCTION("""COMPUTED_VALUE"""),"TE") -> TE | F76: =IFERROR(__xludf.DUMMYFUNCTION("""COMPUTED_VALUE"""),"Winda Sokenda") -> Winda Sokenda | G76: =IFERROR(__xludf.DUMMYFUNCTION("""COMPUTED_VALUE"""),"Barito Raya") -> Barito Raya | H76: =IFERROR(__xludf.DUMMYFUNCTION("""COMPUTED_VALUE"""),"Corrective") -> Corrective | I76: =IFERROR(__xludf.DUMMYFUNCTION("""COMPUTED_VALUE"""),"Replace Jumper,antena/RRU") -> Replace Jumper,antena/RRU | J76: =IFERROR(__xludf.DUMMYFUNCTION("""COMPUTED_VALUE"""),"On Progress") -> On Progress | K76: =IFERROR(__xludf.DUMMYFUNCTION("""COMPUTED_VALUE"""),3698431.0) -> 3698431 | L76: =IFERROR(__xludf.DUMMYFUNCTION("""COMPUTED_VALUE"""),3698431.0) -> 3698431 | M76: =IFERROR(__xludf.DUMMYFUNCTION("""COMPUTED_VALUE"""),"Pending") -> Pending | N76: =IFERROR(__xludf.DUMMYFUNCTION("""COMPUTED_VALUE"""),"Team relokasi battery 2P dari KKP019 ke KKP034") -> Team relokasi battery 2P dari KKP019 ke KKP034 | O76: =IFERROR(VLOOKUP(C76,Sheet4!A76:F863,6,0),"") -> 11444619 | Q76: =LEFT(K76,2) -> 15
A77: =IFERROR(__xludf.DUMMYFUNCTION("""COMPUTED_VALUE"""),"Vswr") -> Vswr | B77: =IFERROR(__xludf.DUMMYFUNCTION("""COMPUTED_VALUE"""),"P1") -> P1 | C77: =IFERROR(__xludf.DUMMYFUNCTION("""COMPUTED_VALUE"""),"KKP087") -> KKP087 | D77: =IFERROR(__xludf.DUMMYFUNCTION("""COMPUTED_VALUE"""),"Sahrul Saputra") -> Sahrul Saputra | E77: =IFERROR(__xludf.DUMMYFUNCTION("""COMPUTED_VALUE"""),"TE") -> TE | F77: =IFERROR(__xludf.DUMMYFUNCTION("""COMPUTED_VALUE"""),"Winda Sokenda") -> Winda Sokenda | G77: =IFERROR(__xludf.DUMMYFUNCTION("""COMPUTED_VALUE"""),"Barito Raya") -> Barito Raya | H77: =IFERROR(__xludf.DUMMYFUNCTION("""COMPUTED_VALUE"""),"Corrective") -> Corrective | I77: =IFERROR(__xludf.DUMMYFUNCTION("""COMPUTED_VALUE"""),"Replace Jumper,antena/RRU") -> Replace Jumper,antena/RRU | J77: =IFERROR(__xludf.DUMMYFUNCTION("""COMPUTED_VALUE"""),"On Progress") -> On Progress | K77: =IFERROR(__xludf.DUMMYFUNCTION("""COMPUTED_VALUE"""),3698431.0) -> 3698431 | L77: =IFERROR(__xludf.DUMMYFUNCTION("""COMPUTED_VALUE"""),3698431.0) -> 3698431 | M77: =IFERROR(__xludf.DUMMYFUNCTION("""COMPUTED_VALUE"""),"Pending") -> Pending | N77: =IFERROR(__xludf.DUMMYFUNCTION("""COMPUTED_VALUE"""),"Team ts celldown di KKP011") -> Team ts celldown di KKP011 | O77: =IFERROR(VLOOKUP(C77,Sheet4!A77:F864,6,0),"") -> 11444619 | Q77: =LEFT(K77,2) -> 15
A78: =IFERROR(__xludf.DUMMYFUNCTION("""COMPUTED_VALUE"""),"Vswr") -> Vswr | B78: =IFERROR(__xludf.DUMMYFUNCTION("""COMPUTED_VALUE"""),"P1") -> P1 | C78: =IFERROR(__xludf.DUMMYFUNCTION("""COMPUTED_VALUE"""),"KKP218") -> KKP218 | D78: =IFERROR(__xludf.DUMMYFUNCTION("""COMPUTED_VALUE"""),"Armadi") -> Armadi | E78: =IFERROR(__xludf.DUMMYFUNCTION("""COMPUTED_VALUE"""),"TE") -> TE | F78: =IFERROR(__xludf.DUMMYFUNCTION("""COMPUTED_VALUE"""),"Winda Sokenda") -> Winda Sokenda | G78: =IFERROR(__xludf.DUMMYFUNCTION("""COMPUTED_VALUE"""),"Barito Raya") -> Barito Raya | H78: =IFERROR(__xludf.DUMMYFUNCTION("""COMPUTED_VALUE"""),"Corrective") -> Corrective | I78: =IFERROR(__xludf.DUMMYFUNCTION("""COMPUTED_VALUE"""),"Replace Jumper,antena/RRU") -> Replace Jumper,antena/RRU | J78: =IFERROR(__xludf.DUMMYFUNCTION("""COMPUTED_VALUE"""),"On Progress") -> On Progress | K78: =IFERROR(__xludf.DUMMYFUNCTION("""COMPUTED_VALUE"""),3698431.0) -> 3698431 | L78: =IFERROR(__xludf.DUMMYFUNCTION("""COMPUTED_VALUE"""),3698431.0) -> 3698431 | M78: =IFERROR(__xludf.DUMMYFUNCTION("""COMPUTED_VALUE"""),"Done") -> Done | O78: =IFERROR(VLOOKUP(C78,Sheet4!A78:F865,6,0),"") | Q78: =LEFT(K78,2) -> 15
A79: =IFERROR(__xludf.DUMMYFUNCTION("""COMPUTED_VALUE"""),"Vswr") -> Vswr | B79: =IFERROR(__xludf.DUMMYFUNCTION("""COMPUTED_VALUE"""),"P1") -> P1 | C79: =IFERROR(__xludf.DUMMYFUNCTION("""COMPUTED_VALUE"""),"KKP218") -> KKP218 | D79: =IFERROR(__xludf.DUMMYFUNCTION("""COMPUTED_VALUE"""),"Jumadi") -> Jumadi | E79: =IFERROR(__xludf.DUMMYFUNCTION("""COMPUTED_VALUE"""),"TE") -> TE | F79: =IFERROR(__xludf.DUMMYFUNCTION("""COMPUTED_VALUE"""),"Winda Sokenda") -> Winda Sokenda | G79: =IFERROR(__xludf.DUMMYFUNCTION("""COMPUTED_VALUE"""),"Barito Raya") -> Barito Raya | H79: =IFERROR(__xludf.DUMMYFUNCTION("""COMPUTED_VALUE"""),"Corrective") -> Corrective | I79: =IFERROR(__xludf.DUMMYFUNCTION("""COMPUTED_VALUE"""),"Replace Jumper,antena/RRU") -> Replace Jumper,antena/RRU | J79: =IFERROR(__xludf.DUMMYFUNCTION("""COMPUTED_VALUE"""),"On Progress") -> On Progress | K79: =IFERROR(__xludf.DUMMYFUNCTION("""COMPUTED_VALUE"""),3698431.0) -> 3698431 | L79: =IFERROR(__xludf.DUMMYFUNCTION("""COMPUTED_VALUE"""),3698431.0) -> 3698431 | M79: =IFERROR(__xludf.DUMMYFUNCTION("""COMPUTED_VALUE"""),"Done") -> Done | O79: =IFERROR(VLOOKUP(C79,Sheet4!A79:F866,6,0),"") | Q79: =LEFT(K79,2) -> 15
A80: =IFERROR(__xludf.DUMMYFUNCTION("""COMPUTED_VALUE"""),"Vswr") -> Vswr | B80: =IFERROR(__xludf.DUMMYFUNCTION("""COMPUTED_VALUE"""),"P1") -> P1 | C80: =IFERROR(__xludf.DUMMYFUNCTION("""COMPUTED_VALUE"""),"KKP218") -> KKP218 | D80: =IFERROR(__xludf.DUMMYFUNCTION("""COMPUTED_VALUE"""),"Ahmad Setiawan") -> Ahmad Setiawan | E80: =IFERROR(__xludf.DUMMYFUNCTION("""COMPUTED_VALUE"""),"TE") -> TE | F80: =IFERROR(__xludf.DUMMYFUNCTION("""COMPUTED_VALUE"""),"Winda Sokenda") -> Winda Sokenda | G80: =IFERROR(__xludf.DUMMYFUNCTION("""COMPUTED_VALUE"""),"Barito Raya") -> Barito Raya | H80: =IFERROR(__xludf.DUMMYFUNCTION("""COMPUTED_VALUE"""),"Corrective") -> Corrective | I80: =IFERROR(__xludf.DUMMYFUNCTION("""COMPUTED_VALUE"""),"Replace Jumper,antena/RRU") -> Replace Jumper,antena/RRU | J80: =IFERROR(__xludf.DUMMYFUNCTION("""COMPUTED_VALUE"""),"On Progress") -> On Progress | K80: =IFERROR(__xludf.DUMMYFUNCTION("""COMPUTED_VALUE"""),3698431.0) -> 3698431 | L80: =IFERROR(__xludf.DUMMYFUNCTION("""COMPUTED_VALUE"""),3698431.0) -> 3698431 | M80: =IFERROR(__xludf.DUMMYFUNCTION("""COMPUTED_VALUE"""),"Pending") -> Pending | O80: =IFERROR(VLOOKUP(C80,Sheet4!A80:F867,6,0),"") | Q80: =LEFT(K80,2) -> 15
A81: =IFERROR(__xludf.DUMMYFUNCTION("""COMPUTED_VALUE"""),"Vswr") -> Vswr | B81: =IFERROR(__xludf.DUMMYFUNCTION("""COMPUTED_VALUE"""),"P1") -> P1 | C81: =IFERROR(__xludf.DUMMYFUNCTION("""COMPUTED_VALUE"""),"KKP218") -> KKP218 | D81: =IFERROR(__xludf.DUMMYFUNCTION("""COMPUTED_VALUE"""),"Oky Bangkit Pamungkas") -> Oky Bangkit Pamungkas | E81: =IFERROR(__xludf.DUMMYFUNCTION("""COMPUTED_VALUE"""),"TE") -> TE | F81: =IFERROR(__xludf.DUMMYFUNCTION("""COMPUTED_VALUE"""),"Winda Sokenda") -> Winda Sokenda | G81: =IFERROR(__xludf.DUMMYFUNCTION("""COMPUTED_VALUE"""),"Barito Raya") -> Barito Raya | H81: =IFERROR(__xludf.DUMMYFUNCTION("""COMPUTED_VALUE"""),"Corrective") -> Corrective | I81: =IFERROR(__xludf.DUMMYFUNCTION("""COMPUTED_VALUE"""),"Replace Jumper,antena/RRU") -> Replace Jumper,antena/RRU | J81: =IFERROR(__xludf.DUMMYFUNCTION("""COMPUTED_VALUE"""),"On Progress") -> On Progress | K81: =IFERROR(__xludf.DUMMYFUNCTION("""COMPUTED_VALUE"""),3698431.0) -> 3698431 | L81: =IFERROR(__xludf.DUMMYFUNCTION("""COMPUTED_VALUE"""),3698431.0) -> 3698431 | M81: =IFERROR(__xludf.DUMMYFUNCTION("""COMPUTED_VALUE"""),"Done") -> Done | O81: =IFERROR(VLOOKUP(C81,Sheet4!A81:F868,6,0),"") | Q81: =LEFT(K81,2) -> 15
A82: =IFERROR(__xludf.DUMMYFUNCTION("""COMPUTED_VALUE"""),"Vswr") -> Vswr | B82: =IFERROR(__xludf.DUMMYFUNCTION("""COMPUTED_VALUE"""),"P1") -> P1 | C82: =IFERROR(__xludf.DUMMYFUNCTION("""COMPUTED_VALUE"""),"MTW067") -> MTW067 | D82: =IFERROR(__xludf.DUMMYFUNCTION("""COMPUTED_VALUE"""),"munawir akhmad") -> munawir akhmad | E82: =IFERROR(__xludf.DUMMYFUNCTION("""COMPUTED_VALUE"""),"TE") -> TE | F82: =IFERROR(__xludf.DUMMYFUNCTION("""COMPUTED_VALUE"""),"Winda Sokenda") -> Winda Sokenda | G82: =IFERROR(__xludf.DUMMYFUNCTION("""COMPUTED_VALUE"""),"Barito Raya") -> Barito Raya | H82: =IFERROR(__xludf.DUMMYFUNCTION("""COMPUTED_VALUE"""),"Corrective") -> Corrective | I82: =IFERROR(__xludf.DUMMYFUNCTION("""COMPUTED_VALUE"""),"Replace Jumper,antena/RRU") -> Replace Jumper,antena/RRU | J82: =IFERROR(__xludf.DUMMYFUNCTION("""COMPUTED_VALUE"""),"On Progress") -> On Progress | K82: =IFERROR(__xludf.DUMMYFUNCTION("""COMPUTED_VALUE"""),3698431.0) -> 3698431 | L82: =IFERROR(__xludf.DUMMYFUNCTION("""COMPUTED_VALUE"""),3698431.0) -> 3698431 | M82: =IFERROR(__xludf.DUMMYFUNCTION("""COMPUTED_VALUE"""),"Pending") -> Pending | N82: =IFERROR(__xludf.DUMMYFUNCTION("""COMPUTED_VALUE"""),"Lanjut 16/12/2025 ") -> Lanjut 16/12/2025 | O82: =IFERROR(VLOOKUP(C82,Sheet4!A82:F869,6,0),"") -> 11488679 | Q82: =LEFT(K82,2) -> 15
A83: =IFERROR(__xludf.DUMMYFUNCTION("""COMPUTED_VALUE"""),"Standby On Call") -> Standby On Call | B83: =IFERROR(__xludf.DUMMYFUNCTION("""COMPUTED_VALUE"""),"P3") -> P3 | D83: =IFERROR(__xludf.DUMMYFUNCTION("""COMPUTED_VALUE"""),"Ahmad Muzakir") -> Ahmad Muzakir | E83: =IFERROR(__xludf.DUMMYFUNCTION("""COMPUTED_VALUE"""),"MBP") -> MBP | F83: =IFERROR(__xludf.DUMMYFUNCTION("""COMPUTED_VALUE"""),"Winda Sokenda") -> Winda Sokenda | G83: =IFERROR(__xludf.DUMMYFUNCTION("""COMPUTED_VALUE"""),"Barito Raya") -> Barito Raya | H83: =IFERROR(__xludf.DUMMYFUNCTION("""COMPUTED_VALUE"""),"Standby") -> Standby | I83: =IFERROR(__xludf.DUMMYFUNCTION("""COMPUTED_VALUE"""),"Standby On Call") -> Standby On Call | J83: =IFERROR(__xludf.DUMMYFUNCTION("""COMPUTED_VALUE"""),"Standby") -> Standby | K83: =IFERROR(__xludf.DUMMYFUNCTION("""COMPUTED_VALUE"""),3698431.0) -> 3698431 | L83: =IFERROR(__xludf.DUMMYFUNCTION("""COMPUTED_VALUE"""),3698431.0) -> 3698431 | M83: =IFERROR(__xludf.DUMMYFUNCTION("""COMPUTED_VALUE"""),"Waiting Update") -> Waiting Update | O83: =IFERROR(VLOOKUP(C83,Sheet4!A83:F870,6,0),"") | Q83: =LEFT(K83,2) -> 15
A84: =IFERROR(__xludf.DUMMYFUNCTION("""COMPUTED_VALUE"""),"Site Down") -> Site Down | B84: =IFERROR(__xludf.DUMMYFUNCTION("""COMPUTED_VALUE"""),"P1") -> P1 | C84: =IFERROR(__xludf.DUMMYFUNCTION("""COMPUTED_VALUE"""),"PRC189") -> PRC189 | D84: =IFERROR(__xludf.DUMMYFUNCTION("""COMPUTED_VALUE"""),"Murjani") -> Murjani | E84: =IFERROR(__xludf.DUMMYFUNCTION("""COMPUTED_VALUE"""),"TE") -> TE | F84: =IFERROR(__xludf.DUMMYFUNCTION("""COMPUTED_VALUE"""),"Winda Sokenda") -> Winda Sokenda | G84: =IFERROR(__xludf.DUMMYFUNCTION("""COMPUTED_VALUE"""),"Barito Raya") -> Barito Raya | H84: =IFERROR(__xludf.DUMMYFUNCTION("""COMPUTED_VALUE"""),"Corrective") -> Corrective | I84: =IFERROR(__xludf.DUMMYFUNCTION("""COMPUTED_VALUE"""),"Pemadaman,MCB Trip,Transmisi problem") -> Pemadaman,MCB Trip,Transmisi problem | J84: =IFERROR(__xludf.DUMMYFUNCTION("""COMPUTED_VALUE"""),"On Progress") -> On Progress | K84: =IFERROR(__xludf.DUMMYFUNCTION("""COMPUTED_VALUE"""),3698431.0) -> 3698431 | L84: =IFERROR(__xludf.DUMMYFUNCTION("""COMPUTED_VALUE"""),3698431.0) -> 3698431 | M84: =IFERROR(__xludf.DUMMYFUNCTION("""COMPUTED_VALUE"""),"Done") -> Done | O84: =IFERROR(VLOOKUP(C84,Sheet4!A84:F871,6,0),"") -> 11463516 | Q84: =LEFT(K84,2) -> 15
A85: =IFERROR(__xludf.DUMMYFUNCTION("""COMPUTED_VALUE"""),"Tshoot Genset") -> Tshoot Genset | B85: =IFERROR(__xludf.DUMMYFUNCTION("""COMPUTED_VALUE"""),"P1") -> P1 | C85: =IFERROR(__xludf.DUMMYFUNCTION("""COMPUTED_VALUE"""),"KKP217") -> KKP217 | D85: =IFERROR(__xludf.DUMMYFUNCTION("""COMPUTED_VALUE"""),"Fahmi") -> Fahmi | E85: =IFERROR(__xludf.DUMMYFUNCTION("""COMPUTED_VALUE"""),"TE") -> TE | F85: =IFERROR(__xludf.DUMMYFUNCTION("""COMPUTED_VALUE"""),"Winda Sokenda") -> Winda Sokenda | G85: =IFERROR(__xludf.DUMMYFUNCTION("""COMPUTED_VALUE"""),"Barito Raya") -> Barito Raya | H85: =IFERROR(__xludf.DUMMYFUNCTION("""COMPUTED_VALUE"""),"Corrective") -> Corrective | I85: =IFERROR(__xludf.DUMMYFUNCTION("""COMPUTED_VALUE"""),"Perbaikan Auto,pergantian relay,timer, yang berhubungan genset") -> Perbaikan Auto,pergantian relay,timer, yang berhubungan genset | J85: =IFERROR(__xludf.DUMMYFUNCTION("""COMPUTED_VALUE"""),"On Progress") -> On Progress | K85: =IFERROR(__xludf.DUMMYFUNCTION("""COMPUTED_VALUE"""),3698431.0) -> 3698431 | L85: =IFERROR(__xludf.DUMMYFUNCTION("""COMPUTED_VALUE"""),3698431.0) -> 3698431 | M85: =IFERROR(__xludf.DUMMYFUNCTION("""COMPUTED_VALUE"""),"Waiting Update") -> Waiting Update | O85: =IFERROR(VLOOKUP(C85,Sheet4!A85:F872,6,0),"") -> 11424023 | Q85: =LEFT(K85,2) -> 15
A86: =IFERROR(__xludf.DUMMYFUNCTION("""COMPUTED_VALUE"""),"Support Event") -> Support Event | B86: =IFERROR(__xludf.DUMMYFUNCTION("""COMPUTED_VALUE"""),"P2") -> P2 | C86: =IFERROR(__xludf.DUMMYFUNCTION("""COMPUTED_VALUE"""),"PLK046") -> PLK046 | D86: =IFERROR(__xludf.DUMMYFUNCTION("""COMPUTED_VALUE"""),"james jimbris") -> james jimbris | E86: =IFERROR(__xludf.DUMMYFUNCTION("""COMPUTED_VALUE"""),"TE") -> TE | F86: =IFERROR(__xludf.DUMMYFUNCTION("""COMPUTED_VALUE"""),"Doni Damara") -> Doni Damara | G86: =IFERROR(__xludf.DUMMYFUNCTION("""COMPUTED_VALUE"""),"Palangkaraya") -> Palangkaraya | H86: =IFERROR(__xludf.DUMMYFUNCTION("""COMPUTED_VALUE"""),"Corrective") -> Corrective | I86: =IFERROR(__xludf.DUMMYFUNCTION("""COMPUTED_VALUE"""),"Support Event") -> Support Event | J86: =IFERROR(__xludf.DUMMYFUNCTION("""COMPUTED_VALUE"""),"On Progress") -> On Progress | K86: =IFERROR(__xludf.DUMMYFUNCTION("""COMPUTED_VALUE"""),3698431.0) -> 3698431 | L86: =IFERROR(__xludf.DUMMYFUNCTION("""COMPUTED_VALUE"""),3698431.0) -> 3698431 | M86: =IFERROR(__xludf.DUMMYFUNCTION("""COMPUTED_VALUE"""),"Done") -> Done | O86: =IFERROR(VLOOKUP(C86,Sheet4!A86:F873,6,0),"") -> 11391769 | Q86: =LEFT(K86,2) -> 15
A87: =IFERROR(__xludf.DUMMYFUNCTION("""COMPUTED_VALUE"""),"Cell down") -> Cell down | B87: =IFERROR(__xludf.DUMMYFUNCTION("""COMPUTED_VALUE"""),"P1") -> P1 | C87: =IFERROR(__xludf.DUMMYFUNCTION("""COMPUTED_VALUE"""),"PLK247") -> PLK247 | D87: =IFERROR(__xludf.DUMMYFUNCTION("""COMPUTED_VALUE"""),"Ahmad") -> Ahmad | E87: =IFERROR(__xludf.DUMMYFUNCTION("""COMPUTED_VALUE"""),"TE") -> TE | F87: =IFERROR(__xludf.DUMMYFUNCTION("""COMPUTED_VALUE"""),"Doni Damara") -> Doni Damara | G87: =IFERROR(__xludf.DUMMYFUNCTION("""COMPUTED_VALUE"""),"Palangkaraya") -> Palangkaraya | H87: =IFERROR(__xludf.DUMMYFUNCTION("""COMPUTED_VALUE"""),"Corrective") -> Corrective | I87: =IFERROR(__xludf.DUMMYFUNCTION("""COMPUTED_VALUE"""),"Replace Optik,RRU/Soket Power/Replace GPS") -> Replace Optik,RRU/Soket Power/Replace GPS | J87: =IFERROR(__xludf.DUMMYFUNCTION("""COMPUTED_VALUE"""),"On Progress") -> On Progress | K87: =IFERROR(__xludf.DUMMYFUNCTION("""COMPUTED_VALUE"""),3698431.0) -> 3698431 | L87: =IFERROR(__xludf.DUMMYFUNCTION("""COMPUTED_VALUE"""),3698431.0) -> 3698431 | M87: =IFERROR(__xludf.DUMMYFUNCTION("""COMPUTED_VALUE"""),"Pending") -> Pending | O87: =IFERROR(VLOOKUP(C87,Sheet4!A87:F874,6,0),"") -> 11391569 | Q87: =LEFT(K87,2) -> 15
A88: =IFERROR(__xludf.DUMMYFUNCTION("""COMPUTED_VALUE"""),"Cell down") -> Cell down | B88: =IFERROR(__xludf.DUMMYFUNCTION("""COMPUTED_VALUE"""),"P1") -> P1 | C88: =IFERROR(__xludf.DUMMYFUNCTION("""COMPUTED_VALUE"""),"PLK247") -> PLK247 | D88: =IFERROR(__xludf.DUMMYFUNCTION("""COMPUTED_VALUE"""),"Adi Bowo Santoso") -> Adi Bowo Santoso | E88: =IFERROR(__xludf.DUMMYFUNCTION("""COMPUTED_VALUE"""),"TE") -> TE | F88: =IFERROR(__xludf.DUMMYFUNCTION("""COMPUTED_VALUE"""),"Doni Damara") -> Doni Damara | G88: =IFERROR(__xludf.DUMMYFUNCTION("""COMPUTED_VALUE"""),"Palangkaraya") -> Palangkaraya | H88: =IFERROR(__xludf.DUMMYFUNCTION("""COMPUTED_VALUE"""),"Corrective") -> Corrective | I88: =IFERROR(__xludf.DUMMYFUNCTION("""COMPUTED_VALUE"""),"Replace Optik,RRU/Soket Power/Replace GPS") -> Replace Optik,RRU/Soket Power/Replace GPS | J88: =IFERROR(__xludf.DUMMYFUNCTION("""COMPUTED_VALUE"""),"On Progress") -> On Progress | K88: =IFERROR(__xludf.DUMMYFUNCTION("""COMPUTED_VALUE"""),3698431.0) -> 3698431 | L88: =IFERROR(__xludf.DUMMYFUNCTION("""COMPUTED_VALUE"""),3698431.0) -> 3698431 | M88: =IFERROR(__xludf.DUMMYFUNCTION("""COMPUTED_VALUE"""),"Pending") -> Pending | O88: =IFERROR(VLOOKUP(C88,Sheet4!A88:F875,6,0),"") -> 11391569 | Q88: =LEFT(K88,2) -> 15
A89: =IFERROR(__xludf.DUMMYFUNCTION("""COMPUTED_VALUE"""),"Pengecekan battrey") -> Pengecekan battrey | B89: =IFERROR(__xludf.DUMMYFUNCTION("""COMPUTED_VALUE"""),"P2") -> P2 | C89: =IFERROR(__xludf.DUMMYFUNCTION("""COMPUTED_VALUE"""),"PPS054") -> PPS054 | D89: =IFERROR(__xludf.DUMMYFUNCTION("""COMPUTED_VALUE"""),"Yahya Muhamad") -> Yahya Muhamad | E89: =IFERROR(__xludf.DUMMYFUNCTION("""COMPUTED_VALUE"""),"TE") -> TE | F89: =IFERROR(__xludf.DUMMYFUNCTION("""COMPUTED_VALUE"""),"Doni Damara") -> Doni Damara | G89: =IFERROR(__xludf.DUMMYFUNCTION("""COMPUTED_VALUE"""),"Palangkaraya") -> Palangkaraya | H89: =IFERROR(__xludf.DUMMYFUNCTION("""COMPUTED_VALUE"""),"Preventive") -> Preventive | I89: =IFERROR(__xludf.DUMMYFUNCTION("""COMPUTED_VALUE"""),"Pengukuran dan pengambilan data log serta input Gdoc BBT") -> Pengukuran dan pengambilan data log serta input Gdoc BBT | J89: =IFERROR(__xludf.DUMMYFUNCTION("""COMPUTED_VALUE"""),"On Progress") -> On Progress | K89: =IFERROR(__xludf.DUMMYFUNCTION("""COMPUTED_VALUE"""),3698431.0) -> 3698431 | L89: =IFERROR(__xludf.DUMMYFUNCTION("""COMPUTED_VALUE"""),3698431.0) -> 3698431 | M89: =IFERROR(__xludf.DUMMYFUNCTION("""COMPUTED_VALUE"""),"Pending") -> Pending | O89: =IFERROR(VLOOKUP(C89,Sheet4!A89:F876,6,0),"") -> 11420639 | Q89: =LEFT(K89,2) -> 15
A90: =IFERROR(__xludf.DUMMYFUNCTION("""COMPUTED_VALUE"""),"Site Down") -> Site Down | B90: =IFERROR(__xludf.DUMMYFUNCTION("""COMPUTED_VALUE"""),"P1") -> P1 | C90: =IFERROR(__xludf.DUMMYFUNCTION("""COMPUTED_VALUE"""),"PPS007") -> PPS007 | D90: =IFERROR(__xludf.DUMMYFUNCTION("""COMPUTED_VALUE"""),"Muhamad Rayhan") -> Muhamad Rayhan | E90: =IFERROR(__xludf.DUMMYFUNCTION("""COMPUTED_VALUE"""),"TE") -> TE | F90: =IFERROR(__xludf.DUMMYFUNCTION("""COMPUTED_VALUE"""),"Doni Damara") -> Doni Damara | G90: =IFERROR(__xludf.DUMMYFUNCTION("""COMPUTED_VALUE"""),"Palangkaraya") -> Palangkaraya | H90: =IFERROR(__xludf.DUMMYFUNCTION("""COMPUTED_VALUE"""),"Corrective") -> Corrective | I90: =IFERROR(__xludf.DUMMYFUNCTION("""COMPUTED_VALUE"""),"Pemadaman,MCB Trip,Transmisi problem") -> Pemadaman,MCB Trip,Transmisi problem | J90: =IFERROR(__xludf.DUMMYFUNCTION("""COMPUTED_VALUE"""),"On Progress") -> On Progress | K90: =IFERROR(__xludf.DUMMYFUNCTION("""COMPUTED_VALUE"""),3698431.0) -> 3698431 | L90: =IFERROR(__xludf.DUMMYFUNCTION("""COMPUTED_VALUE"""),3698431.0) -> 3698431 | M90: =IFERROR(__xludf.DUMMYFUNCTION("""COMPUTED_VALUE"""),"Pending") -> Pending | O90: =IFERROR(VLOOKUP(C90,Sheet4!A90:F877,6,0),"") -> 11415633 | Q90: =LEFT(K90,2) -> 15
A91: =IFERROR(__xludf.DUMMYFUNCTION("""COMPUTED_VALUE"""),"Vswr") -> Vswr | B91: =IFERROR(__xludf.DUMMYFUNCTION("""COMPUTED_VALUE"""),"P1") -> P1 | C91: =IFERROR(__xludf.DUMMYFUNCTION("""COMPUTED_VALUE"""),"KKN006") -> KKN006 | D91: =IFERROR(__xludf.DUMMYFUNCTION("""COMPUTED_VALUE"""),"Leonard") -> Leonard | E91: =IFERROR(__xludf.DUMMYFUNCTION("""COMPUTED_VALUE"""),"TE") -> TE | F91: =IFERROR(__xludf.DUMMYFUNCTION("""COMPUTED_VALUE"""),"Doni Damara") -> Doni Damara | G91: =IFERROR(__xludf.DUMMYFUNCTION("""COMPUTED_VALUE"""),"Palangkaraya") -> Palangkaraya | H91: =IFERROR(__xludf.DUMMYFUNCTION("""COMPUTED_VALUE"""),"Corrective") -> Corrective | I91: =IFERROR(__xludf.DUMMYFUNCTION("""COMPUTED_VALUE"""),"Replace Jumper,antena/RRU") -> Replace Jumper,antena/RRU | J91: =IFERROR(__xludf.DUMMYFUNCTION("""COMPUTED_VALUE"""),"On Progress") -> On Progress | K91: =IFERROR(__xludf.DUMMYFUNCTION("""COMPUTED_VALUE"""),3698431.0) -> 3698431 | L91: =IFERROR(__xludf.DUMMYFUNCTION("""COMPUTED_VALUE"""),3698431.0) -> 3698431 | M91: =IFERROR(__xludf.DUMMYFUNCTION("""COMPUTED_VALUE"""),"Done") -> Done | O91: =IFERROR(VLOOKUP(C91,Sheet4!A91:F878,6,0),"") -> 11372689 | Q91: =LEFT(K91,2) -> 15
A92: =IFERROR(__xludf.DUMMYFUNCTION("""COMPUTED_VALUE"""),"Vswr") -> Vswr | B92: =IFERROR(__xludf.DUMMYFUNCTION("""COMPUTED_VALUE"""),"P1") -> P1 | C92: =IFERROR(__xludf.DUMMYFUNCTION("""COMPUTED_VALUE"""),"KKN006") -> KKN006 | D92: =IFERROR(__xludf.DUMMYFUNCTION("""COMPUTED_VALUE"""),"Aulia Rahman") -> Aulia Rahman | E92: =IFERROR(__xludf.DUMMYFUNCTION("""COMPUTED_VALUE"""),"TE") -> TE | F92: =IFERROR(__xludf.DUMMYFUNCTION("""COMPUTED_VALUE"""),"Doni Damara") -> Doni Damara | G92: =IFERROR(__xludf.DUMMYFUNCTION("""COMPUTED_VALUE"""),"Palangkaraya") -> Palangkaraya | H92: =IFERROR(__xludf.DUMMYFUNCTION("""COMPUTED_VALUE"""),"Corrective") -> Corrective | I92: =IFERROR(__xludf.DUMMYFUNCTION("""COMPUTED_VALUE"""),"Replace Jumper,antena/RRU") -> Replace Jumper,antena/RRU | J92: =IFERROR(__xludf.DUMMYFUNCTION("""COMPUTED_VALUE"""),"On Progress") -> On Progress | K92: =IFERROR(__xludf.DUMMYFUNCTION("""COMPUTED_VALUE"""),3698431.0) -> 3698431 | L92: =IFERROR(__xludf.DUMMYFUNCTION("""COMPUTED_VALUE"""),3698431.0) -> 3698431 | M92: =IFERROR(__xludf.DUMMYFUNCTION("""COMPUTED_VALUE"""),"Done") -> Done | O92: =IFERROR(VLOOKUP(C92,Sheet4!A92:F879,6,0),"") -> 11372689 | Q92: =LEFT(K92,2) -> 15
A93: =IFERROR(__xludf.DUMMYFUNCTION("""COMPUTED_VALUE"""),"Site Down") -> Site Down | B93: =IFERROR(__xludf.DUMMYFUNCTION("""COMPUTED_VALUE"""),"P1") -> P1 | C93: =IFERROR(__xludf.DUMMYFUNCTION("""COMPUTED_VALUE"""),"KSN765") -> KSN765 | D93: =IFERROR(__xludf.DUMMYFUNCTION("""COMPUTED_VALUE"""),"Muhammad Mukhlis") -> Muhammad Mukhlis | E93: =IFERROR(__xludf.DUMMYFUNCTION("""COMPUTED_VALUE"""),"TE") -> TE | F93: =IFERROR(__xludf.DUMMYFUNCTION("""COMPUTED_VALUE"""),"Doni Damara") -> Doni Damara | G93: =IFERROR(__xludf.DUMMYFUNCTION("""COMPUTED_VALUE"""),"Palangkaraya") -> Palangkaraya | H93: =IFERROR(__xludf.DUMMYFUNCTION("""COMPUTED_VALUE"""),"Corrective") -> Corrective | I93: =IFERROR(__xludf.DUMMYFUNCTION("""COMPUTED_VALUE"""),"Pemadaman,MCB Trip,Transmisi problem") -> Pemadaman,MCB Trip,Transmisi problem | J93: =IFERROR(__xludf.DUMMYFUNCTION("""COMPUTED_VALUE"""),"On Progress") -> On Progress | K93: =IFERROR(__xludf.DUMMYFUNCTION("""COMPUTED_VALUE"""),3698431.0) -> 3698431 | L93: =IFERROR(__xludf.DUMMYFUNCTION("""COMPUTED_VALUE"""),3698431.0) -> 3698431 | M93: =IFERROR(__xludf.DUMMYFUNCTION("""COMPUTED_VALUE"""),"Done") -> Done | O93: =IFERROR(VLOOKUP(C93,Sheet4!A93:F880,6,0),"") -> 11330861 | Q93: =LEFT(K93,2) -> 15
A94: =IFERROR(__xludf.DUMMYFUNCTION("""COMPUTED_VALUE"""),"Pengecekan battrey") -> Pengecekan battrey | B94: =IFERROR(__xludf.DUMMYFUNCTION("""COMPUTED_VALUE"""),"P2") -> P2 | C94: =IFERROR(__xludf.DUMMYFUNCTION("""COMPUTED_VALUE"""),"KSN713") -> KSN713 | D94: =IFERROR(__xludf.DUMMYFUNCTION("""COMPUTED_VALUE"""),"Muhammad Mukti") -> Muhammad Mukti | E94: =IFERROR(__xludf.DUMMYFUNCTION("""COMPUTED_VALUE"""),"TE") -> TE | F94: =IFERROR(__xludf.DUMMYFUNCTION("""COMPUTED_VALUE"""),"Doni Damara") -> Doni Damara | G94: =IFERROR(__xludf.DUMMYFUNCTION("""COMPUTED_VALUE"""),"Palangkaraya") -> Palangkaraya | H94: =IFERROR(__xludf.DUMMYFUNCTION("""COMPUTED_VALUE"""),"Preventive") -> Preventive | I94: =IFERROR(__xludf.DUMMYFUNCTION("""COMPUTED_VALUE"""),"Pengukuran dan pengambilan data log serta input Gdoc BBT") -> Pengukuran dan pengambilan data log serta input Gdoc BBT | J94: =IFERROR(__xludf.DUMMYFUNCTION("""COMPUTED_VALUE"""),"On Progress") -> On Progress | K94: =IFERROR(__xludf.DUMMYFUNCTION("""COMPUTED_VALUE"""),3698431.0) -> 3698431 | L94: =IFERROR(__xludf.DUMMYFUNCTION("""COMPUTED_VALUE"""),3698431.0) -> 3698431 | M94: =IFERROR(__xludf.DUMMYFUNCTION("""COMPUTED_VALUE"""),"Pending") -> Pending | O94: =IFERROR(VLOOKUP(C94,Sheet4!A94:F881,6,0),"") | Q94: =LEFT(K94,2) -> 15
A95: =IFERROR(__xludf.DUMMYFUNCTION("""COMPUTED_VALUE"""),"PM") -> PM | B95: =IFERROR(__xludf.DUMMYFUNCTION("""COMPUTED_VALUE"""),"P2") -> P2 | C95: =IFERROR(__xludf.DUMMYFUNCTION("""COMPUTED_VALUE"""),"KSN002") -> KSN002 | D95: =IFERROR(__xludf.DUMMYFUNCTION("""COMPUTED_VALUE"""),"Indra") -> Indra | E95: =IFERROR(__xludf.DUMMYFUNCTION("""COMPUTED_VALUE"""),"PM") -> PM | F95: =IFERROR(__xludf.DUMMYFUNCTION("""COMPUTED_VALUE"""),"Doni Damara") -> Doni Damara | G95: =IFERROR(__xludf.DUMMYFUNCTION("""COMPUTED_VALUE"""),"Palangkaraya") -> Palangkaraya | H95: =IFERROR(__xludf.DUMMYFUNCTION("""COMPUTED_VALUE"""),"Preventive") -> Preventive | I95: =IFERROR(__xludf.DUMMYFUNCTION("""COMPUTED_VALUE"""),"Preventive Maintenance") -> Preventive Maintenance | J95: =IFERROR(__xludf.DUMMYFUNCTION("""COMPUTED_VALUE"""),"On Progress") -> On Progress | K95: =IFERROR(__xludf.DUMMYFUNCTION("""COMPUTED_VALUE"""),3698431.0) -> 3698431 | L95: =IFERROR(__xludf.DUMMYFUNCTION("""COMPUTED_VALUE"""),3698431.0) -> 3698431 | M95: =IFERROR(__xludf.DUMMYFUNCTION("""COMPUTED_VALUE"""),"Done") -> Done | O95: =IFERROR(VLOOKUP(C95,Sheet4!A95:F882,6,0),"") -> 1126923 | Q95: =LEFT(K95,2) -> 15
A96: =IFERROR(__xludf.DUMMYFUNCTION("""COMPUTED_VALUE"""),"PM") -> PM | B96: =IFERROR(__xludf.DUMMYFUNCTION("""COMPUTED_VALUE"""),"P2") -> P2 | C96: =IFERROR(__xludf.DUMMYFUNCTION("""COMPUTED_VALUE"""),"PLK018") -> PLK018 | D96: =IFERROR(__xludf.DUMMYFUNCTION("""COMPUTED_VALUE"""),"Darli") -> Darli | E96: =IFERROR(__xludf.DUMMYFUNCTION("""COMPUTED_VALUE"""),"PM") -> PM | F96: =IFERROR(__xludf.DUMMYFUNCTION("""COMPUTED_VALUE"""),"Doni Damara") -> Doni Damara | G96: =IFERROR(__xludf.DUMMYFUNCTION("""COMPUTED_VALUE"""),"Palangkaraya") -> Palangkaraya | H96: =IFERROR(__xludf.DUMMYFUNCTION("""COMPUTED_VALUE"""),"Preventive") -> Preventive | I96: =IFERROR(__xludf.DUMMYFUNCTION("""COMPUTED_VALUE"""),"Preventive Maintenance") -> Preventive Maintenance | J96: =IFERROR(__xludf.DUMMYFUNCTION("""COMPUTED_VALUE"""),"On Progress") -> On Progress | K96: =IFERROR(__xludf.DUMMYFUNCTION("""COMPUTED_VALUE"""),3698431.0) -> 3698431 | L96: =IFERROR(__xludf.DUMMYFUNCTION("""COMPUTED_VALUE"""),3698431.0) -> 3698431 | M96: =IFERROR(__xludf.DUMMYFUNCTION("""COMPUTED_VALUE"""),"Pending") -> Pending | O96: =IFERROR(VLOOKUP(C96,Sheet4!A96:F883,6,0),"") | Q96: =LEFT(K96,2) -> 15
A97: =IFERROR(__xludf.DUMMYFUNCTION("""COMPUTED_VALUE"""),"PM") -> PM | B97: =IFERROR(__xludf.DUMMYFUNCTION("""COMPUTED_VALUE"""),"P2") -> P2 | C97: =IFERROR(__xludf.DUMMYFUNCTION("""COMPUTED_VALUE"""),"PLK835") -> PLK835 | D97: =IFERROR(__xludf.DUMMYFUNCTION("""COMPUTED_VALUE"""),"AHMAD ARDIANTO FIRMANSYAH") -> AHMAD ARDIANTO FIRMANSYAH | E97: =IFERROR(__xludf.DUMMYFUNCTION("""COMPUTED_VALUE"""),"PM") -> PM | F97: =IFERROR(__xludf.DUMMYFUNCTION("""COMPUTED_VALUE"""),"Doni Damara") -> Doni Damara | G97: =IFERROR(__xludf.DUMMYFUNCTION("""COMPUTED_VALUE"""),"Palangkaraya") -> Palangkaraya | H97: =IFERROR(__xludf.DUMMYFUNCTION("""COMPUTED_VALUE"""),"Preventive") -> Preventive | I97: =IFERROR(__xludf.DUMMYFUNCTION("""COMPUTED_VALUE"""),"Preventive Maintenance") -> Preventive Maintenance | J97: =IFERROR(__xludf.DUMMYFUNCTION("""COMPUTED_VALUE"""),"On Progress") -> On Progress | K97: =IFERROR(__xludf.DUMMYFUNCTION("""COMPUTED_VALUE"""),3698431.0) -> 3698431 | L97: =IFERROR(__xludf.DUMMYFUNCTION("""COMPUTED_VALUE"""),3698431.0) -> 3698431 | M97: =IFERROR(__xludf.DUMMYFUNCTION("""COMPUTED_VALUE"""),"Done") -> Done | O97: =IFERROR(VLOOKUP(C97,Sheet4!A97:F884,6,0),"") -> 11402814 | Q97: =LEFT(K97,2) -> 15
A98: =IFERROR(__xludf.DUMMYFUNCTION("""COMPUTED_VALUE"""),"Standby On Call") -> Standby On Call | B98: =IFERROR(__xludf.DUMMYFUNCTION("""COMPUTED_VALUE"""),"P3") -> P3 | D98: =IFERROR(__xludf.DUMMYFUNCTION("""COMPUTED_VALUE"""),"Sarwono") -> Sarwono | E98: =IFERROR(__xludf.DUMMYFUNCTION("""COMPUTED_VALUE"""),"CME") -> CME | F98: =IFERROR(__xludf.DUMMYFUNCTION("""COMPUTED_VALUE"""),"Doni Damara") -> Doni Damara | G98: =IFERROR(__xludf.DUMMYFUNCTION("""COMPUTED_VALUE"""),"Palangkaraya") -> Palangkaraya | H98: =IFERROR(__xludf.DUMMYFUNCTION("""COMPUTED_VALUE"""),"Standby") -> Standby | I98: =IFERROR(__xludf.DUMMYFUNCTION("""COMPUTED_VALUE"""),"Standby On Call") -> Standby On Call | J98: =IFERROR(__xludf.DUMMYFUNCTION("""COMPUTED_VALUE"""),"Standby") -> Standby | K98: =IFERROR(__xludf.DUMMYFUNCTION("""COMPUTED_VALUE"""),3698431.0) -> 3698431 | L98: =IFERROR(__xludf.DUMMYFUNCTION("""COMPUTED_VALUE"""),3698431.0) -> 3698431 | M98: =IFERROR(__xludf.DUMMYFUNCTION("""COMPUTED_VALUE"""),"Waiting Update") -> Waiting Update | O98: =IFERROR(VLOOKUP(C98,Sheet4!A98:F885,6,0),"") | Q98: =LEFT(K98,2) -> 15
A99: =IFERROR(__xludf.DUMMYFUNCTION("""COMPUTED_VALUE"""),"Standby On Call") -> Standby On Call | B99: =IFERROR(__xludf.DUMMYFUNCTION("""COMPUTED_VALUE"""),"P3") -> P3 | D99: =IFERROR(__xludf.DUMMYFUNCTION("""COMPUTED_VALUE"""),"Purwanto") -> Purwanto | E99: =IFERROR(__xludf.DUMMYFUNCTION("""COMPUTED_VALUE"""),"MBP") -> MBP | F99: =IFERROR(__xludf.DUMMYFUNCTION("""COMPUTED_VALUE"""),"Doni Damara") -> Doni Damara | G99: =IFERROR(__xludf.DUMMYFUNCTION("""COMPUTED_VALUE"""),"Palangkaraya") -> Palangkaraya | H99: =IFERROR(__xludf.DUMMYFUNCTION("""COMPUTED_VALUE"""),"Standby") -> Standby | I99: =IFERROR(__xludf.DUMMYFUNCTION("""COMPUTED_VALUE"""),"Standby On Call") -> Standby On Call | J99: =IFERROR(__xludf.DUMMYFUNCTION("""COMPUTED_VALUE"""),"Standby") -> Standby | K99: =IFERROR(__xludf.DUMMYFUNCTION("""COMPUTED_VALUE"""),3698431.0) -> 3698431 | L99: =IFERROR(__xludf.DUMMYFUNCTION("""COMPUTED_VALUE"""),3698431.0) -> 3698431 | M99: =IFERROR(__xludf.DUMMYFUNCTION("""COMPUTED_VALUE"""),"Waiting Update") -> Waiting Update | O99: =IFERROR(VLOOKUP(C99,Sheet4!A99:F886,6,0),"") | Q99: =LEFT(K99,2) -> 15
A100: =IFERROR(__xludf.DUMMYFUNCTION("""COMPUTED_VALUE"""),"Standby On Call") -> Standby On Call | B100: =IFERROR(__xludf.DUMMYFUNCTION("""COMPUTED_VALUE"""),"P3") -> P3 | D100: =IFERROR(__xludf.DUMMYFUNCTION("""COMPUTED_VALUE"""),"Sairaji") -> Sairaji | E100: =IFERROR(__xludf.DUMMYFUNCTION("""COMPUTED_VALUE"""),"MBP") -> MBP | F100: =IFERROR(__xludf.DUMMYFUNCTION("""COMPUTED_VALUE"""),"Doni Damara") -> Doni Damara | G100: =IFERROR(__xludf.DUMMYFUNCTION("""COMPUTED_VALUE"""),"Palangkaraya") -> Palangkaraya | H100: =IFERROR(__xludf.DUMMYFUNCTION("""COMPUTED_VALUE"""),"Standby") -> Standby | I100: =IFERROR(__xludf.DUMMYFUNCTION("""COMPUTED_VALUE"""),"Standby On Call") -> Standby On Call | J100: =IFERROR(__xludf.DUMMYFUNCTION("""COMPUTED_VALUE"""),"Standby") -> Standby | K100: =IFERROR(__xludf.DUMMYFUNCTION("""COMPUTED_VALUE"""),3698431.0) -> 3698431 | L100: =IFERROR(__xludf.DUMMYFUNCTION("""COMPUTED_VALUE"""),3698431.0) -> 3698431 | M100: =IFERROR(__xludf.DUMMYFUNCTION("""COMPUTED_VALUE"""),"Waiting Update") -> Waiting Update | O100: =IFERROR(VLOOKUP(C100,Sheet4!A100:F887,6,0),"") | Q100: =LEFT(K100,2) -> 15
...

Sheet Sheet4
A1: SITE ID | B1: SITE NAME | C1: SITE OWNER | D1: CLASS | E1: LAT | F1: LONG
A2: COH082 | B2: COH082MI_HPHDWIMA | C2: TELKOMSEL | D2: Silver | E2: -151576 | F2: 112892
A3: KKP218 | B3: KKP218N3TMASARAN | C3: DMT | D3: Platinum | E3: -151808 | F3: 11444172
A4: KKP018 | B4: PENDA MUNTEITBG | C4: TBG | D4: Bronze | E4: -1437868 | F4: 114394771
A5: KKP315 | B5: KKP315SEITERAS | C5: TBG | D5: Gold | E5: -335699 | F5: 11432452
A6: KSN147 | B6: KSN147N3TMAKMURUTAMA | C6: DMT | D6: Bronze | E6: -322019 | F6: 11336054
A7: KSN713 | B7: KSN713RANTAUASEM | C7: DMT | D7: Gold | E7: -142462 | F7: 11301678
A8: NTH088 | B8: NTH088N3TSUBURINDAH | C8: DMT | D8: Silver | E8: -315903 | F8: 113340778
A9: NTH142 | B9: NTH142N3TSEBANGAUMULYA | C9: DMT | D9: Bronze | E9: -289176 | F9: 11376931
A10: NTH143 | B10: NTH143N3TTURA | C10: DMT | D10: Bronze | E10: -152843 | F10: 11316294
A11: KKP027 | B11: PUJONTBG | C11: TBG | D11: Bronze | E11: -1360827 | F11: 114350785
A12: COH915 | B12: SMALLCELL_HARMONIPANCAUTAMA | C12: TELKOMSEL | D12: Bronze | E12: -268426 | F12: 114732931
A13: COH937 | B13: COMBATRAFIISLAMICCENTER | C13: TELKOMSEL | D13: Bronze | E13: -96378 | F13: 11490638
... A265: KSN052 | B265: KSN052NUKASONGAN | C265: PROTELINDO | D265: Gold | E265: -189889 | F265: 11338664
A266: KSN067 | B266: KSN067PEMDAKATINGAN | C266: TBG | D266: Gold | E266: -1.87 | F266: 11341835
A267: KSN059 | B267: KSN059GRAPKASONGAN | C267: DMT | D267: Bronze | E267: -191911 | F267: 11337676
A268: KSN068 | B268: KSN068KASONGAN49 | C268: DMT | D268: Silver | E268: -191272 | F268: 11339026
A269: KSN069 | B269: KSN069KERENGKM13 | C269: DMT | D269: Silver | E269: -189327 | F269: 11329358
A270: KSN070 | B270: KSN070KERENGPANGI53 | C270: DMT | D270: Silver | E270: -189377 | F270: 11330238
A271: KSN048 | B271: KSN048MANGGOSELATAN | C271: PROTELINDO | D271: Platinum | E271: -13315 | F271: 11309064
A272: KSN071 | B272: KSN071TELANGKAHKUALAKURUN75 | C272: DMT | D272: Bronze | E272: -18889 | F272: 11331459
A273: KSN072 | B273: KSN072SIMPANG3TUMBANGSAMBA | C273: DMT | D273: Silver | E273: -192639 | F273: 11318185
A274: KKP212 | B274: KKP212B2BKAPUASMAJUJAYA | C274: TELKOMSEL | D274: Gold | E274: -99519 | F274: 11419808
A275: KSN055 | B275: KSN055HANTATIRINGESTATE | C275: PROTELINDO | D275: Platinum | E275: -197517 | F275: 11328378
A276: KSN053 | B276: KSN053DANAUMARE | C276: PROTELINDO | D276: Platinum | E276: -145355 | F276: 1130945
A277: KSN028 | B277: KSN028DESATUMBANGKALEMEI | C277: DMT | D277: Gold | E277: -140676 | F277: 1129584
A278: KSN136 | B278: KSN136KASONGANLAMA | C278: TBG | D278: Gold | E278: -188797 | F278: 11341538
... A665: KKP020 | B665: KKP020TAMBANBARUSELATAN | C665: DMT | D665: Silver | E665: -325369 | F665: 11437648
A666: COH091 | B666: COH091MI_PERUMAHANTAMIYANG | C666: TELKOMSEL | D666: Bronze | E666: -9146 | F666: 113.54
A667: PLK020 | B667: PLK020DIPONEGORO | C667: DMT | D667: Gold | E667: -221898 | F667: 11393147
A668: PLK708 | B668: PLK708TINGANG | C668: DMT | D668: Gold | E668: -21944 | F668: 11388802
A669: PLK001 | B669: PLK001CENTRUMPLK | C669: TELKOMSEL | D669: Bronze | E669: -221329 | F669: 11392042
A670: PRC024 | B670: PRC024MUARAUTU | C670: TBG | D670: Gold | E670: -70799 | F670: 11453975
A671: PRC026 | B671: PRC026BABUAT | C671: DMT | D671: Silver | E671: -60562 | F671: 11436182
A672: PRC030 | B672: PRC030KOMPLEKRSUD | C672: TBG | D672: Gold | E672: -64377 | F672: 11456408
A673: PRC038 | B673: PRC038TAHUJANONTU | C673: DMT | D673: Bronze | E673: -66945 | F673: 1145281
A674: PRC041 | B674: PRC041BUPATIPURUKCAHU | C674: PROTELINDO | D674: Gold | E674: -63462 | F674: 11456726
A675: PRC005 | B675: PRC005KOMPLEKSDPR | C675: DMT | D675: Silver | E675: -63949 | F675: 11456278
A676: PRC007 | B676: PRC007TUMBANGLAHUNG | C676: DMT | D676: Platinum | E676: -697 | F676: 11429544
A677: PRC043 | B677: PRC043KURUNPAJANG | C677: PROTELINDO | D677: Silver | E677: -62569 | F677: 11455204
A678: PRC017 | B678: PRC017DIRUNGLINGKIN | C678: DMT | D678: Platinum | E678: -67591 | F678: 11444462
... A789: BNT528 | B789: RANGGA_ILUNG_2 (TBG) | C789: TBG | D789: Bronze | E789: -233804 | F789: 11487824

Sheet Pivot Table 2

Sheet Pivot Table 1
